city,date,temp_max,temp_min,precipitation,precipitation_probability,wind_speed,wind_gusts,weather_code,lat,lng
Casablanca,2026-09-20,30.3,20.5,0.0,0,10.1,29.5,2,33.5992,-7.62
Casablanca,2026-09-21,31.3,21.6,0.0,0,11.5,34.2,2,33.5992,-7.62
Casablanca,2026-09-22,29.8,19.8,0.0,0,9.6,28.8,45,33.5992,-7.62
Casablanca,2026-09-23,27.9,19.4,0.0,0,10.8,29.5,45,33.5992,-7.62
Casablanca,2026-09-24,27.8,19.0,0.0,0,10.5,30.2,45,33.5992,-7.62
Casablanca,2026-09-25,28.5,19.7,0.0,0,12.6,32.4,45,33.5992,-7.62
Casablanca,2026-09-26,28.3,19.6,0.0,0,13.7,35.3,45,33.5992,-7.62
Tangier,2026-09-20,27.7,23.7,0.0,0,33.8,78.8,2,35.7767,-5.8039
Tangier,2026-09-21,28.6,22.9,0.0,0,27.7,64.1,1,35.7767,-5.8039
Tangier,2026-09-22,29.4,21.3,0.0,0,23.5,52.9,3,35.7767,-5.8039
Tangier,2026-09-23,29.4,21.2,0.0,0,21.4,49.0,1,35.7767,-5.8039
Tangier,2026-09-24,29.4,21.0,0.0,0,23.2,53.3,1,35.7767,-5.8039
Tangier,2026-09-25,28.3,20.5,0.0,0,20.1,37.4,3,35.7767,-5.8039
Tangier,2026-09-26,26.8,22.0,0.0,0,31.8,59.4,3,35.7767,-5.8039
Fès,2026-09-20,35.7,21.9,0.0,0,14.5,37.4,1,34.0433,-5.0033
Fès,2026-09-21,35.5,22.3,0.0,0,11.4,29.9,2,34.0433,-5.0033
Fès,2026-09-22,34.3,20.5,0.0,0,10.0,25.9,1,34.0433,-5.0033
Fès,2026-09-23,34.6,19.6,0.0,0,10.7,28.1,0,34.0433,-5.0033
Fès,2026-09-24,35.8,20.3,0.0,0,10.3,27.4,0,34.0433,-5.0033
Fès,2026-09-25,35.5,21.3,0.0,0,12.5,31.3,3,34.0433,-5.0033
Fès,2026-09-26,35.3,21.4,0.0,0,12.2,30.6,3,34.0433,-5.0033
Marrakech,2026-09-20,37.4,23.6,0.0,18,11.6,34.9,3,31.6295,-7.9811
Marrakech,2026-09-21,37.8,24.0,0.0,3,15.6,38.9,3,31.6295,-7.9811
Marrakech,2026-09-22,37.2,20.1,0.0,0,11.5,31.3,0,31.6295,-7.9811
Marrakech,2026-09-23,37.0,18.5,0.0,0,10.0,28.8,0,31.6295,-7.9811
Marrakech,2026-09-24,36.8,19.3,0.0,0,11.9,33.1,0,31.6295,-7.9811
Marrakech,2026-09-25,35.0,19.9,0.0,0,11.3,20.5,3,31.6295,-7.9811
Marrakech,2026-09-26,33.8,21.9,0.0,0,12.8,27.0,3,31.6295,-7.9811
Sale,2026-09-20,31.5,20.0,0.0,0,10.7,29.9,1,34.05,-6.8167
Sale,2026-09-21,31.3,20.5,0.0,0,10.7,29.2,2,34.05,-6.8167
Sale,2026-09-22,31.3,19.5,0.0,0,10.6,28.1,1,34.05,-6.8167
Sale,2026-09-23,28.8,18.7,0.0,0,12.3,32.4,45,34.05,-6.8167
Sale,2026-09-24,29.0,18.2,0.0,0,11.3,28.8,0,34.05,-6.8167
Sale,2026-09-25,27.7,18.8,0.0,0,11.2,24.8,3,34.05,-6.8167
Sale,2026-09-26,27.9,19.1,0.0,0,12.1,27.7,45,34.05,-6.8167
Meknès,2026-09-20,36.0,20.5,0.0,0,14.9,40.7,2,33.8833,-5.55
Meknès,2026-09-21,35.1,21.3,0.0,0,15.6,39.2,2,33.8833,-5.55
Meknès,2026-09-22,33.4,18.2,0.0,0,14.0,36.4,1,33.8833,-5.55
Meknès,2026-09-23,34.0,18.0,0.0,0,12.9,34.2,3,33.8833,-5.55
Meknès,2026-09-24,34.9,18.2,0.0,0,14.1,37.4,0,33.8833,-5.55
Meknès,2026-09-25,34.2,18.0,0.0,0,17.2,38.2,2,33.8833,-5.55
Meknès,2026-09-26,33.5,16.6,0.0,0,14.8,34.6,3,33.8833,-5.55
Rabat,2026-09-20,31.6,20.0,0.0,0,10.7,29.9,1,34.0211,-6.8414
Rabat,2026-09-21,31.4,20.6,0.0,0,10.7,29.2,2,34.0211,-6.8414
Rabat,2026-09-22,31.4,19.6,0.0,0,10.6,28.1,1,34.0211,-6.8414
Rabat,2026-09-23,28.9,18.8,0.0,0,12.3,32.4,45,34.0211,-6.8414
Rabat,2026-09-24,29.0,18.3,0.0,0,11.3,28.8,0,34.0211,-6.8414
Rabat,2026-09-25,27.8,18.8,0.0,0,11.2,24.8,3,34.0211,-6.8414
Rabat,2026-09-26,27.9,19.2,0.0,0,12.1,27.7,45,34.0211,-6.8414
Agadir,2026-09-20,29.3,22.2,0.0,0,10.0,32.0,45,30.4214,-9.5831
Agadir,2026-09-21,35.2,22.6,0.0,0,9.7,26.3,3,30.4214,-9.5831
Agadir,2026-09-22,35.5,26.0,0.0,0,14.5,43.2,1,30.4214,-9.5831
Agadir,2026-09-23,35.4,24.9,0.0,0,12.4,34.9,2,30.4214,-9.5831
Agadir,2026-09-24,33.8,21.7,0.0,0,11.3,32.8,1,30.4214,-9.5831
Agadir,2026-09-25,33.0,21.0,0.0,0,14.7,29.5,3,30.4214,-9.5831
Agadir,2026-09-26,29.2,21.0,0.0,0,15.4,30.6,3,30.4214,-9.5831
Kenitra,2026-09-20,36.7,18.6,0.0,0,14.0,34.9,45,34.25,-6.5833
Kenitra,2026-09-21,33.9,20.0,0.0,0,11.4,28.8,2,34.25,-6.5833
Kenitra,2026-09-22,32.2,19.3,0.0,0,11.0,28.4,2,34.25,-6.5833
Kenitra,2026-09-23,32.1,17.9,0.0,0,14.5,36.4,45,34.25,-6.5833
Kenitra,2026-09-24,32.4,17.3,0.0,0,13.9,33.8,0,34.25,-6.5833
Kenitra,2026-09-25,29.6,18.6,0.0,0,12.5,29.2,3,34.25,-6.5833
Kenitra,2026-09-26,29.3,19.2,0.0,0,12.3,28.4,45,34.25,-6.5833
Oujda-Angad,2026-09-20,29.3,17.7,0.0,20,19.0,38.2,45,34.6867,-1.9114
Oujda-Angad,2026-09-21,29.0,18.4,0.0,0,21.3,43.6,45,34.6867,-1.9114
Oujda-Angad,2026-09-22,28.2,13.9,0.0,0,18.1,36.7,45,34.6867,-1.9114
Oujda-Angad,2026-09-23,29.8,15.4,0.0,0,20.8,41.8,0,34.6867,-1.9114
Oujda-Angad,2026-09-24,30.2,15.0,0.0,0,19.4,39.2,0,34.6867,-1.9114
Oujda-Angad,2026-09-25,30.6,13.0,0.0,0,20.2,36.7,3,34.6867,-1.9114
Oujda-Angad,2026-09-26,30.9,14.9,0.0,0,22.9,40.0,1,34.6867,-1.9114
Tétouan,2026-09-20,26.1,22.9,0.1,0,31.2,71.3,3,35.5667,-5.3667
Tétouan,2026-09-21,26.3,22.3,0.0,0,23.9,52.6,3,35.5667,-5.3667
Tétouan,2026-09-22,26.7,20.6,0.0,0,17.0,41.8,3,35.5667,-5.3667
Tétouan,2026-09-23,25.9,19.4,0.0,0,17.2,42.8,2,35.5667,-5.3667
Tétouan,2026-09-24,27.1,21.0,0.0,0,17.7,45.7,2,35.5667,-5.3667
Tétouan,2026-09-25,26.7,20.0,0.0,0,15.2,38.9,3,35.5667,-5.3667
Tétouan,2026-09-26,26.3,20.7,0.0,0,20.7,49.3,3,35.5667,-5.3667
Safi,2026-09-20,26.7,21.3,0.0,0,8.4,18.0,3,32.2833,-9.2333
Safi,2026-09-21,27.4,19.4,0.0,0,7.6,16.6,3,32.2833,-9.2333
Safi,2026-09-22,31.3,19.8,0.0,0,15.1,29.9,0,32.2833,-9.2333
Safi,2026-09-23,29.3,19.8,0.0,0,15.6,30.2,1,32.2833,-9.2333
Safi,2026-09-24,27.0,18.7,0.0,0,13.4,26.3,0,32.2833,-9.2333
Safi,2026-09-25,31.2,19.2,0.0,0,20.4,38.5,3,32.2833,-9.2333
Safi,2026-09-26,29.6,20.7,0.0,0,15.4,30.6,45,32.2833,-9.2333
Taourirt,2026-09-20,30.5,20.7,0.0,0,30.4,50.0,3,34.41,-2.89
Taourirt,2026-09-21,30.4,20.4,0.0,0,29.0,47.2,45,34.41,-2.89
Taourirt,2026-09-22,29.9,16.8,0.0,0,22.3,35.6,3,34.41,-2.89
Taourirt,2026-09-23,31.0,17.6,0.0,0,28.6,46.8,0,34.41,-2.89
Taourirt,2026-09-24,31.7,17.9,0.0,0,25.9,46.1,0,34.41,-2.89
Taourirt,2026-09-25,31.9,16.5,0.0,0,19.4,34.2,1,34.41,-2.89
Taourirt,2026-09-26,31.7,16.7,0.0,0,30.1,49.0,3,34.41,-2.89
Temara,2026-09-20,32.0,19.5,0.0,0,10.7,31.3,1,33.9234,-6.9076
Temara,2026-09-21,31.8,20.4,0.0,0,10.9,30.6,2,33.9234,-6.9076
Temara,2026-09-22,31.1,19.6,0.0,0,10.4,29.2,45,33.9234,-6.9076
Temara,2026-09-23,29.1,18.5,0.0,0,11.4,32.0,45,33.9234,-6.9076
Temara,2026-09-24,28.8,18.6,0.0,0,11.1,30.2,0,33.9234,-6.9076
Temara,2026-09-25,26.2,18.9,0.0,0,10.2,22.1,3,33.9234,-6.9076
Temara,2026-09-26,25.5,19.2,0.0,0,14.0,27.7,45,33.9234,-6.9076
Laâyoune,2026-09-20,32.1,19.0,0.0,0,17.7,36.0,1,27.15,-13.2
Laâyoune,2026-09-21,39.7,21.3,0.0,2,26.5,50.4,3,27.15,-13.2
Laâyoune,2026-09-22,40.4,21.4,0.0,1,27.1,51.8,3,27.15,-13.2
Laâyoune,2026-09-23,42.6,24.9,0.0,4,30.5,58.0,1,27.15,-13.2
Laâyoune,2026-09-24,41.4,25.1,0.0,2,24.5,45.4,3,27.15,-13.2
Laâyoune,2026-09-25,35.2,20.6,0.0,0,20.7,39.6,3,27.15,-13.2
Laâyoune,2026-09-26,30.0,21.7,0.0,2,19.6,42.5,3,27.15,-13.2
El Jadid,2026-09-20,27.9,20.7,0.0,0,12.2,22.3,45,33.2566,-8.5025
El Jadid,2026-09-21,28.1,21.4,0.0,0,13.2,24.1,45,33.2566,-8.5025
El Jadid,2026-09-22,27.0,19.8,0.0,0,14.0,25.9,45,33.2566,-8.5025
El Jadid,2026-09-23,25.7,20.2,0.0,0,14.0,25.9,45,33.2566,-8.5025
El Jadid,2026-09-24,26.7,20.0,0.0,0,12.2,23.0,45,33.2566,-8.5025
El Jadid,2026-09-25,27.6,20.6,0.0,0,14.4,28.8,45,33.2566,-8.5025
El Jadid,2026-09-26,27.7,20.3,0.0,0,13.7,27.7,45,33.2566,-8.5025
Ait Melloul,2026-09-20,27.2,20.3,0.0,0,18.2,36.4,2,30.3342,-9.4972
Ait Melloul,2026-09-21,38.1,22.2,0.0,0,13.8,28.1,3,30.3342,-9.4972
Ait Melloul,2026-09-22,38.4,23.1,0.0,0,22.3,43.9,2,30.3342,-9.4972
Ait Melloul,2026-09-23,37.5,22.1,0.0,0,17.1,34.6,3,30.3342,-9.4972
Ait Melloul,2026-09-24,35.8,21.3,0.0,0,15.7,32.8,0,30.3342,-9.4972
Ait Melloul,2026-09-25,33.2,18.9,0.0,0,14.7,29.5,3,30.3342,-9.4972
Ait Melloul,2026-09-26,29.5,21.3,0.0,0,15.4,30.6,3,30.3342,-9.4972
Béni Mellal,2026-09-20,35.4,25.5,0.0,3,18.5,41.0,3,32.3394,-6.3608
Béni Mellal,2026-09-21,35.4,23.9,0.0,3,18.0,39.6,3,32.3394,-6.3608
Béni Mellal,2026-09-22,34.2,23.0,0.0,0,16.2,34.6,2,32.3394,-6.3608
Béni Mellal,2026-09-23,34.8,22.4,0.0,0,13.9,28.1,0,32.3394,-6.3608
Béni Mellal,2026-09-24,35.3,22.9,0.0,0,12.1,27.4,0,32.3394,-6.3608
Béni Mellal,2026-09-25,34.9,22.5,0.0,0,17.4,33.1,3,32.3394,-6.3608
Béni Mellal,2026-09-26,33.8,23.9,0.0,0,18.4,35.3,3,32.3394,-6.3608
Bouskoura,2026-09-20,34.1,19.8,0.0,0,14.2,36.7,2,33.4489,-7.6486
Bouskoura,2026-09-21,36.6,21.6,0.0,0,15.7,39.2,2,33.4489,-7.6486
Bouskoura,2026-09-22,33.8,18.7,0.0,0,13.8,34.9,0,33.4489,-7.6486
Bouskoura,2026-09-23,32.4,18.0,0.0,0,13.7,33.8,45,33.4489,-7.6486
Bouskoura,2026-09-24,31.9,18.1,0.0,0,14.5,36.0,0,33.4489,-7.6486
Bouskoura,2026-09-25,27.9,18.4,0.0,0,12.6,32.4,45,33.4489,-7.6486
Bouskoura,2026-09-26,27.5,18.8,0.0,0,13.7,35.3,45,33.4489,-7.6486
Tiznit,2026-09-20,30.8,19.7,0.0,0,13.0,22.3,45,29.7,-9.7269
Tiznit,2026-09-21,38.3,23.4,0.0,0,14.6,24.1,3,29.7,-9.7269
Tiznit,2026-09-22,39.0,26.5,0.0,0,20.0,32.8,3,29.7,-9.7269
Tiznit,2026-09-23,38.5,25.7,0.0,0,20.1,33.1,3,29.7,-9.7269
Tiznit,2026-09-24,36.7,23.8,0.0,0,19.2,31.0,3,29.7,-9.7269
Tiznit,2026-09-25,26.8,21.1,0.0,0,13.6,24.1,3,29.7,-9.7269
Tiznit,2026-09-26,25.9,20.3,0.0,0,15.6,26.3,3,29.7,-9.7269
Mohammedia,2026-09-20,28.9,19.8,0.0,0,11.8,28.4,45,33.6833,-7.3833
Mohammedia,2026-09-21,29.8,20.7,0.0,0,13.4,32.4,45,33.6833,-7.3833
Mohammedia,2026-09-22,29.1,19.1,0.0,0,10.8,27.7,45,33.6833,-7.3833
Mohammedia,2026-09-23,26.3,19.6,0.0,0,12.2,29.5,45,33.6833,-7.3833
Mohammedia,2026-09-24,26.7,18.2,0.0,0,12.2,29.9,1,33.6833,-7.3833
Mohammedia,2026-09-25,30.6,19.1,0.0,0,16.9,31.7,45,33.6833,-7.3833
Mohammedia,2026-09-26,30.1,18.3,0.0,0,16.8,31.0,45,33.6833,-7.3833
Kouribga,2026-09-20,35.0,22.7,0.0,3,22.7,48.6,3,32.88,-6.9
Kouribga,2026-09-21,35.2,22.8,0.0,3,22.0,44.6,2,32.88,-6.9
Kouribga,2026-09-22,34.2,20.9,0.0,0,20.1,42.1,2,32.88,-6.9
Kouribga,2026-09-23,33.7,19.9,0.0,0,20.6,39.2,0,32.88,-6.9
Kouribga,2026-09-24,34.6,19.8,0.0,0,19.5,38.2,1,32.88,-6.9
Kouribga,2026-09-25,32.9,19.0,0.0,0,19.8,40.0,3,32.88,-6.9
Kouribga,2026-09-26,31.9,17.4,0.0,0,20.7,41.8,3,32.88,-6.9
Settat,2026-09-20,37.1,20.9,0.5,8,17.7,38.5,3,33.0023,-7.6198
Settat,2026-09-21,38.7,22.2,0.1,0,21.0,56.5,80,33.0023,-7.6198
Settat,2026-09-22,36.5,20.3,0.0,0,19.3,40.0,1,33.0023,-7.6198
Settat,2026-09-23,35.9,18.9,0.0,0,17.5,41.4,0,33.0023,-7.6198
Settat,2026-09-24,35.4,18.9,0.0,0,15.5,35.6,0,33.0023,-7.6198
Settat,2026-09-25,33.2,18.8,0.0,0,18.5,36.4,3,33.0023,-7.6198
Settat,2026-09-26,32.3,17.4,0.0,0,19.6,38.5,45,33.0023,-7.6198
Barrechid,2026-09-20,37.0,18.8,0.0,0,20.1,37.4,2,33.27,-7.5872
Barrechid,2026-09-21,39.2,20.8,0.0,0,24.7,46.8,2,33.27,-7.5872
Barrechid,2026-09-22,36.5,18.0,0.0,0,20.8,37.4,1,33.27,-7.5872
Barrechid,2026-09-23,35.8,15.7,0.0,0,20.5,37.1,45,33.27,-7.5872
Barrechid,2026-09-24,34.6,16.9,0.0,0,18.6,34.2,0,33.27,-7.5872
Barrechid,2026-09-25,31.9,17.0,0.0,0,19.5,35.6,3,33.27,-7.5872
Barrechid,2026-09-26,31.1,17.7,0.0,0,19.2,34.9,45,33.27,-7.5872
Ad Dakhla,2026-09-20,21.7,20.1,0.0,0,32.2,40.0,0,23.7167,-15.95
Ad Dakhla,2026-09-21,22.5,19.9,0.3,19,29.4,38.2,51,23.7167,-15.95
Ad Dakhla,2026-09-22,22.1,20.4,0.2,21,32.0,39.6,51,23.7167,-15.95
Ad Dakhla,2026-09-23,23.4,21.0,0.1,12,42.5,53.3,51,23.7167,-15.95
Ad Dakhla,2026-09-24,33.2,23.2,0.0,0,42.5,53.6,3,23.7167,-15.95
Ad Dakhla,2026-09-25,26.4,22.4,0.0,6,34.5,50.4,3,23.7167,-15.95
Ad Dakhla,2026-09-26,24.9,21.0,0.0,4,19.7,31.3,3,23.7167,-15.95
Nador,2026-09-20,25.3,23.4,4.6,8,21.4,46.4,80,35.1667,-2.9333
Nador,2026-09-21,25.8,23.1,0.0,3,16.8,36.7,3,35.1667,-2.9333
Nador,2026-09-22,25.4,20.5,0.0,0,12.7,27.4,3,35.1667,-2.9333
Nador,2026-09-23,25.7,19.8,0.0,0,13.0,27.7,2,35.1667,-2.9333
Nador,2026-09-24,26.3,20.9,0.0,0,12.5,28.4,2,35.1667,-2.9333
Nador,2026-09-25,26.8,19.6,0.0,0,16.3,27.7,3,35.1667,-2.9333
Nador,2026-09-26,26.5,18.6,0.0,0,19.7,34.2,45,35.1667,-2.9333
Taza,2026-09-20,29.7,19.9,0.0,0,21.5,43.6,3,34.2144,-4.0088
Taza,2026-09-21,29.9,20.2,0.0,0,20.5,41.0,3,34.2144,-4.0088
Taza,2026-09-22,30.3,17.8,0.0,0,15.5,32.4,3,34.2144,-4.0088
Taza,2026-09-23,31.0,16.0,0.0,0,18.0,37.4,1,34.2144,-4.0088
Taza,2026-09-24,31.3,18.8,0.0,0,18.8,38.5,0,34.2144,-4.0088
Taza,2026-09-25,31.9,17.3,0.0,0,19.6,35.6,3,34.2144,-4.0088
Taza,2026-09-26,32.5,17.6,0.0,0,22.2,41.8,3,34.2144,-4.0088
Inezgane,2026-09-20,26.0,19.5,0.0,0,13.0,35.3,45,30.3658,-9.5381
Inezgane,2026-09-21,34.7,21.3,0.0,0,9.8,25.6,3,30.3658,-9.5381
Inezgane,2026-09-22,35.3,23.1,0.0,0,15.9,42.8,1,30.3658,-9.5381
Inezgane,2026-09-23,34.6,22.2,0.0,0,11.6,33.1,3,30.3658,-9.5381
Inezgane,2026-09-24,31.5,19.8,0.0,0,10.8,31.3,0,30.3658,-9.5381
Inezgane,2026-09-25,33.3,18.7,0.0,0,14.7,29.5,3,30.3658,-9.5381
Inezgane,2026-09-26,29.5,21.3,0.0,0,15.4,30.6,3,30.3658,-9.5381
Larache,2026-09-20,36.4,23.9,0.0,0,20.4,37.1,1,35.1833,-6.15
Larache,2026-09-21,33.4,22.1,0.0,0,17.1,31.7,0,35.1833,-6.15
Larache,2026-09-22,31.8,19.9,0.0,0,17.2,31.7,3,35.1833,-6.15
Larache,2026-09-23,30.8,17.7,0.0,0,14.1,26.3,1,35.1833,-6.15
Larache,2026-09-24,32.1,17.4,0.0,0,13.3,25.2,1,35.1833,-6.15
Larache,2026-09-25,28.4,18.3,0.0,0,15.2,27.4,3,35.1833,-6.15
Larache,2026-09-26,28.1,16.6,0.0,0,15.3,27.7,3,35.1833,-6.15
Al Khmissat,2026-09-20,37.8,20.6,0.0,0,18.4,38.2,3,33.81,-6.06
Al Khmissat,2026-09-21,36.4,22.1,0.0,0,17.5,36.7,2,33.81,-6.06
Al Khmissat,2026-09-22,35.0,18.8,0.0,0,14.0,28.4,2,33.81,-6.06
Al Khmissat,2026-09-23,34.9,18.6,0.0,0,15.7,33.1,1,33.81,-6.06
Al Khmissat,2026-09-24,35.8,18.3,0.0,0,18.1,39.6,0,33.81,-6.06
Al Khmissat,2026-09-25,34.8,19.1,0.0,0,20.6,38.2,3,33.81,-6.06
Al Khmissat,2026-09-26,33.8,14.4,0.0,3,18.9,34.2,3,33.81,-6.06
Guelmim,2026-09-20,36.4,18.2,0.0,0,22.3,38.5,3,28.9833,-10.0667
Guelmim,2026-09-21,39.9,22.2,0.0,2,18.6,33.5,3,28.9833,-10.0667
Guelmim,2026-09-22,39.5,26.3,0.0,2,22.8,38.5,3,28.9833,-10.0667
Guelmim,2026-09-23,39.6,25.3,0.0,2,27.9,47.2,2,28.9833,-10.0667
Guelmim,2026-09-24,37.9,18.4,0.0,0,20.7,40.3,1,28.9833,-10.0667
Guelmim,2026-09-25,37.3,17.3,0.0,0,21.5,39.2,3,28.9833,-10.0667
Guelmim,2026-09-26,30.2,18.4,0.0,0,11.7,31.3,3,28.9833,-10.0667
Ksar El Kebir,2026-09-20,37.9,23.6,0.0,0,12.7,27.0,1,35.0,-5.9
Ksar El Kebir,2026-09-21,36.8,22.0,0.0,0,15.0,28.1,1,35.0,-5.9
Ksar El Kebir,2026-09-22,35.8,20.1,0.0,0,13.7,25.6,3,35.0,-5.9
Ksar El Kebir,2026-09-23,35.7,18.7,0.0,0,14.8,28.1,1,35.0,-5.9
Ksar El Kebir,2026-09-24,36.1,18.7,0.0,0,19.1,36.0,0,35.0,-5.9
Ksar El Kebir,2026-09-25,34.5,18.9,0.0,0,19.5,36.0,3,35.0,-5.9
Ksar El Kebir,2026-09-26,34.1,17.7,0.0,0,20.1,37.4,3,35.0,-5.9
Khénifra,2026-09-20,34.2,18.6,0.0,0,14.2,26.3,2,32.93,-5.66
Khénifra,2026-09-21,34.0,19.3,0.0,0,23.5,46.4,3,32.93,-5.66
Khénifra,2026-09-22,32.9,17.0,0.0,0,17.4,33.1,2,32.93,-5.66
Khénifra,2026-09-23,33.1,16.2,0.0,0,12.5,24.5,0,32.93,-5.66
Khénifra,2026-09-24,34.1,16.2,0.0,0,12.9,27.0,0,32.93,-5.66
Khénifra,2026-09-25,33.4,15.7,0.0,0,8.8,22.3,3,32.93,-5.66
Khénifra,2026-09-26,33.2,18.0,0.0,3,16.3,32.0,3,32.93,-5.66
Skhirate,2026-09-20,28.8,19.4,0.0,0,11.6,28.4,1,33.85,-7.03
Skhirate,2026-09-21,29.1,20.4,0.0,0,12.1,28.1,2,33.85,-7.03
Skhirate,2026-09-22,28.5,19.0,0.0,0,10.9,25.6,45,33.85,-7.03
Skhirate,2026-09-23,26.3,18.1,0.0,0,12.7,28.4,45,33.85,-7.03
Skhirate,2026-09-24,26.5,17.9,0.0,0,11.8,27.7,0,33.85,-7.03
Skhirate,2026-09-25,25.6,18.6,0.0,0,10.2,21.6,3,33.85,-7.03
Skhirate,2026-09-26,25.6,19.3,0.0,0,14.0,27.7,45,33.85,-7.03
Beni Yakhlef,2026-09-20,33.3,19.0,0.0,0,16.3,31.3,2,33.6555,-7.3221
Beni Yakhlef,2026-09-21,34.2,20.6,0.0,0,18.4,34.9,2,33.6555,-7.3221
Beni Yakhlef,2026-09-22,32.6,18.0,0.0,0,14.9,28.1,0,33.6555,-7.3221
Beni Yakhlef,2026-09-23,30.0,18.5,0.0,0,17.0,31.3,45,33.6555,-7.3221
Beni Yakhlef,2026-09-24,30.3,17.0,0.0,0,16.6,31.7,0,33.6555,-7.3221
Beni Yakhlef,2026-09-25,30.1,17.5,0.0,0,16.9,31.7,45,33.6555,-7.3221
Beni Yakhlef,2026-09-26,29.6,17.8,0.0,0,16.8,31.0,45,33.6555,-7.3221
Sidi Yahya Zaer,2026-09-20,36.4,19.5,0.0,0,20.1,42.5,2,33.7105,-6.8831
Sidi Yahya Zaer,2026-09-21,36.2,21.5,0.0,0,18.9,38.5,2,33.7105,-6.8831
Sidi Yahya Zaer,2026-09-22,34.4,18.9,0.0,0,17.6,35.6,0,33.7105,-6.8831
Sidi Yahya Zaer,2026-09-23,33.8,17.3,0.0,0,18.1,36.0,0,33.7105,-6.8831
Sidi Yahya Zaer,2026-09-24,32.9,19.1,0.0,0,17.9,36.4,0,33.7105,-6.8831
Sidi Yahya Zaer,2026-09-25,32.3,17.4,0.0,0,15.9,32.0,3,33.7105,-6.8831
Sidi Yahya Zaer,2026-09-26,31.1,14.9,0.0,0,15.3,31.0,45,33.7105,-6.8831
Ben Guerir,2026-09-20,37.1,23.8,0.0,0,20.3,42.1,3,32.23,-7.95
Ben Guerir,2026-09-21,37.5,23.6,0.1,0,19.9,38.9,3,32.23,-7.95
Ben Guerir,2026-09-22,36.3,23.1,0.0,0,14.4,29.2,0,32.23,-7.95
Ben Guerir,2026-09-23,36.2,20.3,0.0,0,13.4,27.0,0,32.23,-7.95
Ben Guerir,2026-09-24,35.6,19.6,0.0,0,13.4,27.4,1,32.23,-7.95
Ben Guerir,2026-09-25,34.3,18.8,0.0,0,19.1,34.2,3,32.23,-7.95
Ben Guerir,2026-09-26,33.5,20.2,0.0,0,19.7,37.8,3,32.23,-7.95
Ait Ali,2026-09-20,28.0,20.2,0.0,0,19.5,32.4,2,30.1739,-9.4881
Ait Ali,2026-09-21,40.0,22.4,0.0,0,15.8,26.6,3,30.1739,-9.4881
Ait Ali,2026-09-22,38.8,24.1,0.0,0,25.7,43.6,3,30.1739,-9.4881
Ait Ali,2026-09-23,39.2,23.5,0.0,0,21.9,36.4,3,30.1739,-9.4881
Ait Ali,2026-09-24,37.1,22.1,0.0,0,20.1,34.2,1,30.1739,-9.4881
Ait Ali,2026-09-25,29.4,19.4,0.0,0,19.0,32.4,3,30.1739,-9.4881
Ait Ali,2026-09-26,28.2,21.0,0.0,0,19.2,33.8,3,30.1739,-9.4881
My Drarga,2026-09-20,28.2,20.8,0.0,0,14.1,29.9,45,30.3805,-9.4763
My Drarga,2026-09-21,37.6,22.3,0.0,0,11.4,26.3,3,30.3805,-9.4763
My Drarga,2026-09-22,37.6,24.1,0.0,0,20.5,45.4,1,30.3805,-9.4763
My Drarga,2026-09-23,36.9,23.3,0.0,0,16.3,36.0,3,30.3805,-9.4763
My Drarga,2026-09-24,35.4,21.2,0.0,0,14.1,30.6,0,30.3805,-9.4763
My Drarga,2026-09-25,33.1,20.0,0.0,0,14.7,29.5,3,30.3805,-9.4763
My Drarga,2026-09-26,29.4,21.2,0.0,0,15.4,30.6,3,30.3805,-9.4763
Lqoliaa,2026-09-20,28.6,20.0,0.0,0,20.3,43.2,45,30.2942,-9.4544
Lqoliaa,2026-09-21,40.0,22.1,0.0,0,16.6,34.2,3,30.2942,-9.4544
Lqoliaa,2026-09-22,39.1,22.8,0.0,0,22.9,49.3,2,30.2942,-9.4544
Lqoliaa,2026-09-23,39.3,21.9,0.0,0,19.1,43.2,3,30.2942,-9.4544
Lqoliaa,2026-09-24,37.6,20.9,0.0,0,17.4,39.2,0,30.2942,-9.4544
Lqoliaa,2026-09-25,28.1,19.2,0.0,0,18.5,40.3,3,30.2942,-9.4544
Lqoliaa,2026-09-26,27.3,20.3,0.0,0,18.7,41.4,3,30.2942,-9.4544
El Kelaa des Srarhna,2026-09-20,37.6,24.4,0.0,8,18.9,33.5,3,32.05,-7.4
El Kelaa des Srarhna,2026-09-21,37.7,23.5,0.0,3,21.5,38.5,3,32.05,-7.4
El Kelaa des Srarhna,2026-09-22,36.7,21.2,0.0,0,14.9,27.0,1,32.05,-7.4
El Kelaa des Srarhna,2026-09-23,36.4,19.7,0.0,0,13.0,22.3,0,32.05,-7.4
El Kelaa des Srarhna,2026-09-24,36.4,19.3,0.0,0,13.5,24.1,0,32.05,-7.4
El Kelaa des Srarhna,2026-09-25,34.5,19.3,0.0,0,14.5,24.8,3,32.05,-7.4
El Kelaa des Srarhna,2026-09-26,33.5,21.3,0.0,0,16.5,29.2,3,32.05,-7.4
Moulay Abdallah,2026-09-20,28.3,20.8,0.0,0,13.1,20.9,45,33.1978,-8.5883
Moulay Abdallah,2026-09-21,29.5,21.5,0.0,0,14.2,22.0,45,33.1978,-8.5883
Moulay Abdallah,2026-09-22,29.1,19.9,0.0,0,16.8,26.6,45,33.1978,-8.5883
Moulay Abdallah,2026-09-23,27.4,20.5,0.0,0,15.9,24.8,45,33.1978,-8.5883
Moulay Abdallah,2026-09-24,26.9,20.3,0.0,0,13.1,20.9,45,33.1978,-8.5883
Moulay Abdallah,2026-09-25,27.9,20.6,0.0,0,15.1,29.2,45,33.1978,-8.5883
Moulay Abdallah,2026-09-26,27.4,20.3,0.0,0,13.5,26.6,45,33.1978,-8.5883
Tiflet,2026-09-20,37.7,20.7,0.0,0,18.3,38.9,1,33.9,-6.33
Tiflet,2026-09-21,36.1,21.9,0.0,0,17.0,34.9,2,33.9,-6.33
Tiflet,2026-09-22,34.8,21.2,0.0,0,15.1,30.6,2,33.9,-6.33
Tiflet,2026-09-23,34.8,19.3,0.0,0,15.5,33.8,1,33.9,-6.33
Tiflet,2026-09-24,35.3,19.0,0.0,0,16.7,35.6,1,33.9,-6.33
Tiflet,2026-09-25,35.1,20.4,0.0,0,18.0,40.0,3,33.9,-6.33
Tiflet,2026-09-26,33.7,20.2,0.0,0,17.2,35.3,3,33.9,-6.33
Oulad Teïma,2026-09-20,34.2,22.1,0.0,0,26.3,47.5,2,30.4,-9.21
Oulad Teïma,2026-09-21,40.6,22.3,0.0,0,20.3,37.4,3,30.4,-9.21
Oulad Teïma,2026-09-22,40.7,22.6,0.0,0,29.8,55.4,3,30.4,-9.21
Oulad Teïma,2026-09-23,40.9,21.5,0.0,0,24.4,47.2,3,30.4,-9.21
Oulad Teïma,2026-09-24,39.3,20.4,0.0,0,23.5,43.6,0,30.4,-9.21
Oulad Teïma,2026-09-25,32.3,19.0,0.0,0,29.9,49.0,3,30.4,-9.21
Oulad Teïma,2026-09-26,29.8,19.8,0.0,0,28.7,49.3,3,30.4,-9.21
Berkane,2026-09-20,27.2,20.2,0.0,0,17.1,36.0,45,34.9167,-2.3167
Berkane,2026-09-21,26.5,19.0,0.0,0,17.6,36.0,45,34.9167,-2.3167
Berkane,2026-09-22,26.3,16.6,0.0,0,17.4,34.9,2,34.9167,-2.3167
Berkane,2026-09-23,26.7,17.1,0.0,0,16.3,33.1,2,34.9167,-2.3167
Berkane,2026-09-24,27.6,17.3,0.0,0,15.3,32.0,1,34.9167,-2.3167
Berkane,2026-09-25,28.3,16.0,0.0,0,12.4,22.3,3,34.9167,-2.3167
Berkane,2026-09-26,27.6,18.1,0.0,0,13.2,24.8,1,34.9167,-2.3167
Ain El Aouda,2026-09-20,36.0,18.3,0.0,0,17.8,37.8,1,33.8111,-6.7922
Ain El Aouda,2026-09-21,35.8,19.9,0.0,0,16.9,33.8,2,33.8111,-6.7922
Ain El Aouda,2026-09-22,34.4,17.7,0.0,0,15.5,30.6,0,33.8111,-6.7922
Ain El Aouda,2026-09-23,33.6,15.8,0.0,0,16.2,32.4,1,33.8111,-6.7922
Ain El Aouda,2026-09-24,32.7,17.0,0.0,0,15.9,32.4,0,33.8111,-6.7922
Ain El Aouda,2026-09-25,33.1,16.2,0.0,0,17.1,32.8,3,33.8111,-6.7922
Ain El Aouda,2026-09-26,32.0,15.5,0.0,0,15.0,29.5,45,33.8111,-6.7922
Errachidia,2026-09-20,29.5,19.2,0.0,20,10.2,22.7,3,31.9319,-4.4244
Errachidia,2026-09-21,30.7,20.0,0.5,18,15.1,32.8,80,31.9319,-4.4244
Errachidia,2026-09-22,30.3,19.0,0.0,0,12.8,26.3,3,31.9319,-4.4244
Errachidia,2026-09-23,29.7,18.6,0.0,0,11.4,24.1,3,31.9319,-4.4244
Errachidia,2026-09-24,30.2,19.0,0.0,0,11.6,24.5,2,31.9319,-4.4244
Errachidia,2026-09-25,30.9,19.9,0.0,0,12.7,23.8,3,31.9319,-4.4244
Errachidia,2026-09-26,29.0,21.4,0.3,11,13.7,24.5,3,31.9319,-4.4244
Al Fqih Ben Çalah,2026-09-20,38.4,23.0,0.0,5,15.2,36.4,2,32.507,-6.6886
Al Fqih Ben Çalah,2026-09-21,38.3,20.6,0.0,0,14.9,27.7,2,32.507,-6.6886
Al Fqih Ben Çalah,2026-09-22,37.0,18.5,0.0,0,17.8,32.4,2,32.507,-6.6886
Al Fqih Ben Çalah,2026-09-23,36.8,17.5,0.0,0,10.9,19.8,0,32.507,-6.6886
Al Fqih Ben Çalah,2026-09-24,37.4,17.7,0.0,0,7.4,20.5,0,32.507,-6.6886
Al Fqih Ben Çalah,2026-09-25,36.5,16.3,0.0,0,9.3,17.3,3,32.507,-6.6886
Al Fqih Ben Çalah,2026-09-26,35.5,19.6,0.0,0,13.0,25.9,3,32.507,-6.6886
Ad Darwa,2026-09-20,35.0,19.6,0.0,0,16.0,32.0,2,33.4167,-7.5333
Ad Darwa,2026-09-21,37.2,21.3,0.0,0,17.9,36.4,2,33.4167,-7.5333
Ad Darwa,2026-09-22,34.6,18.5,0.0,0,15.5,30.2,0,33.4167,-7.5333
Ad Darwa,2026-09-23,33.6,17.7,0.0,0,15.5,30.2,45,33.4167,-7.5333
Ad Darwa,2026-09-24,32.7,17.9,0.0,0,16.2,31.7,0,33.4167,-7.5333
Ad Darwa,2026-09-25,32.4,18.0,0.0,0,18.7,36.0,45,33.4167,-7.5333
Ad Darwa,2026-09-26,31.5,17.7,0.0,0,17.8,33.8,45,33.4167,-7.5333
Martil,2026-09-20,24.3,22.8,3.0,45,25.6,54.7,80,35.61,-5.27
Martil,2026-09-21,25.0,22.0,0.1,3,20.9,42.8,3,35.61,-5.27
Martil,2026-09-22,24.8,20.9,0.0,0,18.0,37.8,3,35.61,-5.27
Martil,2026-09-23,24.4,20.3,0.0,0,17.0,36.0,2,35.61,-5.27
Martil,2026-09-24,24.9,20.9,0.0,0,16.6,36.0,2,35.61,-5.27
Martil,2026-09-25,24.4,20.6,0.0,0,13.8,23.8,45,35.61,-5.27
Martil,2026-09-26,24.6,21.0,0.0,0,18.8,32.8,45,35.61,-5.27
Sidi Slimane,2026-09-20,39.6,23.4,0.0,0,17.6,37.1,1,34.26,-5.93
Sidi Slimane,2026-09-21,38.2,22.5,0.0,0,15.3,31.3,2,34.26,-5.93
Sidi Slimane,2026-09-22,36.6,19.4,0.0,0,14.3,31.7,3,34.26,-5.93
Sidi Slimane,2026-09-23,37.4,18.0,0.0,0,13.5,33.8,1,34.26,-5.93
Sidi Slimane,2026-09-24,38.0,18.2,0.0,0,14.8,39.6,0,34.26,-5.93
Sidi Slimane,2026-09-25,37.2,18.5,0.0,0,15.1,37.8,3,34.26,-5.93
Sidi Slimane,2026-09-26,36.4,16.3,0.0,0,16.1,34.2,3,34.26,-5.93
Oued Zem,2026-09-20,35.3,22.5,0.0,0,20.2,50.4,3,32.8619,-6.5711
Oued Zem,2026-09-21,34.9,22.8,0.0,3,19.4,39.6,3,32.8619,-6.5711
Oued Zem,2026-09-22,34.1,21.5,0.0,0,18.0,34.9,2,32.8619,-6.5711
Oued Zem,2026-09-23,33.8,19.8,0.0,0,10.6,28.1,0,32.8619,-6.5711
Oued Zem,2026-09-24,34.5,20.0,0.0,0,13.7,32.0,1,32.8619,-6.5711
Oued Zem,2026-09-25,33.3,18.8,0.0,0,17.2,36.4,3,32.8619,-6.5711
Oued Zem,2026-09-26,32.9,18.8,0.0,0,17.7,34.9,3,32.8619,-6.5711
Sefrou,2026-09-20,31.9,20.9,0.0,0,17.4,38.5,2,33.83,-4.83
Sefrou,2026-09-21,31.7,22.4,0.0,0,19.1,41.8,2,33.83,-4.83
Sefrou,2026-09-22,30.5,20.2,0.0,0,17.9,38.5,1,33.83,-4.83
Sefrou,2026-09-23,30.9,20.5,0.0,0,15.2,33.1,1,33.83,-4.83
Sefrou,2026-09-24,32.1,21.1,0.0,0,17.1,37.1,0,33.83,-4.83
Sefrou,2026-09-25,32.2,19.7,0.0,0,17.4,33.8,3,33.83,-4.83
Sefrou,2026-09-26,32.2,15.6,0.0,5,17.0,34.6,3,33.83,-4.83
Taroudannt,2026-09-20,40.1,23.4,0.0,3,24.8,52.6,3,30.4711,-8.8778
Taroudannt,2026-09-21,40.0,23.4,0.0,0,23.3,45.4,3,30.4711,-8.8778
Taroudannt,2026-09-22,41.0,23.5,0.0,0,23.5,47.2,2,30.4711,-8.8778
Taroudannt,2026-09-23,40.8,22.9,0.0,0,22.5,42.1,1,30.4711,-8.8778
Taroudannt,2026-09-24,39.9,21.4,0.0,0,23.3,47.9,0,30.4711,-8.8778
Taroudannt,2026-09-25,36.8,20.1,0.0,0,26.1,47.5,3,30.4711,-8.8778
Taroudannt,2026-09-26,32.5,18.9,0.0,0,26.4,47.5,3,30.4711,-8.8778
Essaouira,2026-09-20,25.3,19.0,0.0,0,11.4,23.4,3,31.513,-9.7687
Essaouira,2026-09-21,27.2,19.7,0.0,0,9.7,19.1,3,31.513,-9.7687
Essaouira,2026-09-22,28.5,21.0,0.0,0,16.6,32.0,1,31.513,-9.7687
Essaouira,2026-09-23,27.0,19.8,0.0,0,17.1,32.8,1,31.513,-9.7687
Essaouira,2026-09-24,25.2,17.5,0.0,0,12.8,25.6,1,31.513,-9.7687
Essaouira,2026-09-25,31.4,18.1,0.0,0,23.3,44.3,3,31.513,-9.7687
Essaouira,2026-09-26,28.5,20.1,0.0,0,17.0,32.8,3,31.513,-9.7687
Azrou,2026-09-20,28.4,18.0,0.0,33,18.1,41.8,3,33.4344,-5.2213
Azrou,2026-09-21,28.5,17.9,0.0,0,19.3,43.6,2,33.4344,-5.2213
Azrou,2026-09-22,27.3,15.1,0.0,0,16.6,40.3,1,33.4344,-5.2213
Azrou,2026-09-23,28.3,15.9,0.0,0,16.2,34.2,1,33.4344,-5.2213
Azrou,2026-09-24,29.1,17.4,0.0,0,10.3,32.0,0,33.4344,-5.2213
Azrou,2026-09-25,28.0,16.7,0.0,0,14.8,42.5,3,33.4344,-5.2213
Azrou,2026-09-26,28.3,17.9,0.0,0,15.4,38.2,3,33.4344,-5.2213
Guercif,2026-09-20,31.4,20.9,0.0,0,27.4,52.6,2,34.23,-3.36
Guercif,2026-09-21,31.2,20.9,0.0,0,26.9,50.4,3,34.23,-3.36
Guercif,2026-09-22,31.1,16.7,0.0,0,20.9,37.8,3,34.23,-3.36
Guercif,2026-09-23,32.0,15.8,0.0,0,26.0,47.9,1,34.23,-3.36
Guercif,2026-09-24,32.4,17.8,0.0,0,24.0,49.3,1,34.23,-3.36
Guercif,2026-09-25,32.9,15.3,0.0,0,22.2,38.9,2,34.23,-3.36
Guercif,2026-09-26,32.8,16.1,0.0,0,28.5,50.4,3,34.23,-3.36
Warzat,2026-09-20,29.6,18.9,0.3,15,10.7,25.2,61,30.9167,-6.9167
Warzat,2026-09-21,29.2,19.6,0.9,25,21.0,36.4,80,30.9167,-6.9167
Warzat,2026-09-22,32.7,15.8,0.0,0,27.4,55.1,1,30.9167,-6.9167
Warzat,2026-09-23,31.5,14.4,0.0,0,6.8,13.0,2,30.9167,-6.9167
Warzat,2026-09-24,31.9,16.1,0.0,5,15.0,27.7,2,30.9167,-6.9167
Warzat,2026-09-25,31.9,15.5,0.0,1,15.8,24.8,3,30.9167,-6.9167
Warzat,2026-09-26,30.0,18.5,0.0,3,11.4,20.5,3,30.9167,-6.9167
Fnidq,2026-09-20,24.2,22.6,2.8,45,28.8,52.2,80,35.8414,-5.3587
Fnidq,2026-09-21,25.1,21.9,0.0,3,21.7,42.1,2,35.8414,-5.3587
Fnidq,2026-09-22,24.9,20.6,0.0,0,22.0,41.8,3,35.8414,-5.3587
Fnidq,2026-09-23,24.6,20.6,0.0,0,18.8,36.0,3,35.8414,-5.3587
Fnidq,2026-09-24,24.8,20.9,0.0,0,18.1,35.6,45,35.8414,-5.3587
Fnidq,2026-09-25,24.3,20.1,0.0,0,13.8,23.8,45,35.8414,-5.3587
Fnidq,2026-09-26,24.6,21.0,0.0,0,18.8,32.8,45,35.8414,-5.3587
Tan-Tan,2026-09-20,31.6,19.1,0.0,0,17.3,33.8,3,28.4333,-11.1
Tan-Tan,2026-09-21,33.5,19.3,0.0,0,24.4,45.0,3,28.4333,-11.1
Tan-Tan,2026-09-22,37.0,20.8,0.0,0,21.3,40.3,3,28.4333,-11.1
Tan-Tan,2026-09-23,37.1,23.7,0.0,0,20.5,38.9,3,28.4333,-11.1
Tan-Tan,2026-09-24,31.2,18.2,0.0,0,18.8,37.8,1,28.4333,-11.1
Tan-Tan,2026-09-25,28.5,18.9,0.0,0,18.6,38.5,3,28.4333,-11.1
Tan-Tan,2026-09-26,26.9,20.3,0.0,0,14.2,28.4,3,28.4333,-11.1
Sidi Qacem,2026-09-20,38.8,25.0,0.0,0,15.5,39.2,1,34.21,-5.7
Sidi Qacem,2026-09-21,37.8,24.5,0.0,0,13.8,29.5,2,34.21,-5.7
Sidi Qacem,2026-09-22,36.1,20.8,0.0,0,11.5,24.8,2,34.21,-5.7
Sidi Qacem,2026-09-23,36.7,19.1,0.0,0,12.9,27.7,3,34.21,-5.7
Sidi Qacem,2026-09-24,37.6,20.6,0.0,0,16.3,32.0,0,34.21,-5.7
Sidi Qacem,2026-09-25,37.0,20.2,0.0,0,14.2,38.5,3,34.21,-5.7
Sidi Qacem,2026-09-26,36.0,19.4,0.0,0,13.9,38.2,3,34.21,-5.7
M’diq,2026-09-20,24.2,22.6,3.0,0,25.6,54.7,80,35.68,-5.32
M’diq,2026-09-21,24.9,21.8,0.1,0,20.9,42.8,3,35.68,-5.32
M’diq,2026-09-22,24.6,20.8,0.0,0,18.0,37.8,3,35.68,-5.32
M’diq,2026-09-23,24.2,20.1,0.0,0,17.0,36.0,2,35.68,-5.32
M’diq,2026-09-24,24.8,20.8,0.0,0,16.6,36.0,2,35.68,-5.32
M’diq,2026-09-25,27.0,20.4,0.0,0,15.2,38.9,3,35.68,-5.32
M’diq,2026-09-26,26.6,21.0,0.0,0,20.7,49.3,3,35.68,-5.32
Youssoufia,2026-09-20,37.6,22.2,0.0,3,20.4,42.8,2,32.25,-8.53
Youssoufia,2026-09-21,37.8,23.7,0.0,0,19.8,41.0,3,32.25,-8.53
Youssoufia,2026-09-22,37.2,21.2,0.0,0,16.7,33.8,0,32.25,-8.53
Youssoufia,2026-09-23,36.3,19.7,0.0,0,15.5,31.0,0,32.25,-8.53
Youssoufia,2026-09-24,35.6,18.5,0.0,0,15.9,36.7,0,32.25,-8.53
Youssoufia,2026-09-25,34.0,18.5,0.0,0,19.4,38.2,3,32.25,-8.53
Youssoufia,2026-09-26,33.1,19.0,0.0,0,21.2,40.0,45,32.25,-8.53
Midalt,2026-09-20,28.2,13.9,0.1,18,24.6,46.4,3,32.68,-4.74
Midalt,2026-09-21,28.7,14.8,0.0,0,23.0,40.3,3,32.68,-4.74
Midalt,2026-09-22,27.8,14.6,0.0,0,20.6,36.0,2,32.68,-4.74
Midalt,2026-09-23,28.4,12.9,0.0,0,14.7,23.4,1,32.68,-4.74
Midalt,2026-09-24,29.0,13.3,0.0,0,21.6,37.8,0,32.68,-4.74
Midalt,2026-09-25,28.8,13.0,0.0,0,13.4,22.3,3,32.68,-4.74
Midalt,2026-09-26,27.0,13.9,0.0,5,15.0,23.8,3,32.68,-4.74
Aïn Harrouda,2026-09-20,31.1,19.8,0.0,0,11.3,31.0,2,33.6372,-7.4483
Aïn Harrouda,2026-09-21,32.1,20.9,0.0,0,13.0,35.3,2,33.6372,-7.4483
Aïn Harrouda,2026-09-22,30.9,19.0,0.0,0,10.8,29.9,45,33.6372,-7.4483
Aïn Harrouda,2026-09-23,28.2,19.2,0.0,0,11.7,31.3,45,33.6372,-7.4483
Aïn Harrouda,2026-09-24,28.5,18.1,0.0,0,11.6,32.0,1,33.6372,-7.4483
Aïn Harrouda,2026-09-25,28.3,19.2,0.0,0,13.0,31.0,45,33.6372,-7.4483
Aïn Harrouda,2026-09-26,28.3,19.3,0.0,0,14.2,33.1,45,33.6372,-7.4483
Souq Sebt Oulad Nemma,2026-09-20,38.6,22.9,0.0,3,12.5,24.5,3,32.3,-6.7
Souq Sebt Oulad Nemma,2026-09-21,38.5,22.0,0.0,5,10.7,19.8,2,32.3,-6.7
Souq Sebt Oulad Nemma,2026-09-22,37.2,20.9,0.0,0,12.2,21.6,1,32.3,-6.7
Souq Sebt Oulad Nemma,2026-09-23,37.3,18.9,0.0,0,8.4,16.9,0,32.3,-6.7
Souq Sebt Oulad Nemma,2026-09-24,37.8,18.6,0.0,0,9.8,19.1,0,32.3,-6.7
Souq Sebt Oulad Nemma,2026-09-25,36.7,19.7,0.0,0,11.3,20.5,3,32.3,-6.7
Souq Sebt Oulad Nemma,2026-09-26,35.5,21.1,0.0,0,14.7,28.4,3,32.3,-6.7
Mehdya,2026-09-20,35.4,19.8,0.0,0,11.3,28.4,1,34.2557,-6.6745
Mehdya,2026-09-21,32.3,20.6,0.0,0,11.0,25.9,2,34.2557,-6.6745
Mehdya,2026-09-22,30.5,19.7,0.0,0,10.9,25.6,2,34.2557,-6.6745
Mehdya,2026-09-23,29.6,18.5,0.0,0,15.3,34.6,45,34.2557,-6.6745
Mehdya,2026-09-24,30.4,17.3,0.0,0,13.5,30.2,0,34.2557,-6.6745
Mehdya,2026-09-25,29.4,19.1,0.0,0,12.5,29.2,3,34.2557,-6.6745
Mehdya,2026-09-26,29.3,19.2,0.0,0,12.3,28.4,45,34.2557,-6.6745
Ouezzane,2026-09-20,36.7,21.0,0.0,0,16.7,31.7,1,34.8,-5.6
Ouezzane,2026-09-21,36.1,20.5,0.0,0,12.2,23.4,1,34.8,-5.6
Ouezzane,2026-09-22,34.8,18.5,0.0,0,8.4,17.3,3,34.8,-5.6
Ouezzane,2026-09-23,35.7,18.1,0.0,0,12.4,26.3,1,34.8,-5.6
Ouezzane,2026-09-24,36.4,17.8,0.0,0,13.5,35.3,0,34.8,-5.6
Ouezzane,2026-09-25,35.6,18.2,0.0,0,14.8,31.3,3,34.8,-5.6
Ouezzane,2026-09-26,35.2,16.7,0.0,0,16.9,34.9,3,34.8,-5.6
Semara,2026-09-20,36.0,19.1,0.0,0,16.4,24.8,3,26.7394,-11.6703
Semara,2026-09-21,42.3,23.5,0.0,10,26.1,45.0,3,26.7394,-11.6703
Semara,2026-09-22,42.2,27.9,0.0,4,28.5,46.4,3,26.7394,-11.6703
Semara,2026-09-23,41.5,27.1,0.0,1,32.9,54.4,1,26.7394,-11.6703
Semara,2026-09-24,40.8,25.8,0.0,0,27.8,43.6,3,26.7394,-11.6703
Semara,2026-09-25,38.6,22.3,0.0,0,20.9,39.6,3,26.7394,-11.6703
Semara,2026-09-26,33.4,23.6,0.0,2,18.1,33.8,3,26.7394,-11.6703
Ait Ourir,2026-09-20,35.5,23.5,0.0,25,13.7,26.6,3,31.5644,-7.6628
Ait Ourir,2026-09-21,35.6,24.1,0.0,5,16.8,32.8,3,31.5644,-7.6628
Ait Ourir,2026-09-22,35.4,22.0,0.0,0,14.3,28.1,1,31.5644,-7.6628
Ait Ourir,2026-09-23,35.4,20.1,0.0,0,12.2,23.0,0,31.5644,-7.6628
Ait Ourir,2026-09-24,35.3,19.8,0.0,0,13.9,26.6,0,31.5644,-7.6628
Ait Ourir,2026-09-25,33.5,19.4,0.0,0,10.9,21.2,3,31.5644,-7.6628
Ait Ourir,2026-09-26,32.6,20.4,0.0,0,13.9,28.1,3,31.5644,-7.6628
Oulad Tayeb,2026-09-20,35.3,20.4,0.0,0,16.5,32.0,2,33.9598,-4.9954
Oulad Tayeb,2026-09-21,34.9,21.1,0.0,0,15.4,29.9,2,33.9598,-4.9954
Oulad Tayeb,2026-09-22,33.7,19.5,0.0,0,13.6,26.6,1,33.9598,-4.9954
Oulad Tayeb,2026-09-23,34.1,18.8,0.0,0,14.3,27.7,1,33.9598,-4.9954
Oulad Tayeb,2026-09-24,35.4,19.7,0.0,0,15.2,28.8,0,33.9598,-4.9954
Oulad Tayeb,2026-09-25,34.7,20.7,0.0,0,12.5,31.3,3,33.9598,-4.9954
Oulad Tayeb,2026-09-26,34.5,20.7,0.0,0,12.2,30.6,3,33.9598,-4.9954
Tit Mellil,2026-09-20,32.0,19.6,0.0,0,11.9,32.8,2,33.5533,-7.4822
Tit Mellil,2026-09-21,33.1,21.0,0.0,0,13.8,37.8,2,33.5533,-7.4822
Tit Mellil,2026-09-22,31.5,18.9,0.0,0,11.7,31.7,45,33.5533,-7.4822
Tit Mellil,2026-09-23,29.4,18.4,0.0,0,12.1,32.8,45,33.5533,-7.4822
Tit Mellil,2026-09-24,29.2,17.9,0.0,0,12.3,33.8,1,33.5533,-7.4822
Tit Mellil,2026-09-25,27.9,18.8,0.0,0,12.6,32.4,45,33.5533,-7.4822
Tit Mellil,2026-09-26,27.7,19.0,0.0,0,13.7,35.3,45,33.5533,-7.4822
Sidi Bennour,2026-09-20,38.3,19.0,0.0,0,19.9,35.3,2,32.655,-8.4292
Sidi Bennour,2026-09-21,38.6,20.8,0.0,0,20.9,36.4,2,32.655,-8.4292
Sidi Bennour,2026-09-22,37.4,16.9,0.0,0,18.8,33.1,0,32.655,-8.4292
Sidi Bennour,2026-09-23,35.7,16.6,0.0,0,17.1,30.2,45,32.655,-8.4292
Sidi Bennour,2026-09-24,35.4,16.7,0.0,0,17.4,31.0,1,32.655,-8.4292
Sidi Bennour,2026-09-25,33.0,16.7,0.0,0,19.8,37.4,45,32.655,-8.4292
Sidi Bennour,2026-09-26,32.2,19.1,0.0,0,19.8,37.4,45,32.655,-8.4292
Temsia,2026-09-20,29.9,20.7,0.0,0,17.3,37.1,45,30.3633,-9.4144
Temsia,2026-09-21,39.9,22.7,0.0,0,14.2,30.6,3,30.3633,-9.4144
Temsia,2026-09-22,38.8,23.5,0.0,0,24.3,51.1,2,30.3633,-9.4144
Temsia,2026-09-23,39.2,22.8,0.0,0,19.0,40.3,3,30.3633,-9.4144
Temsia,2026-09-24,37.9,21.6,0.0,0,17.7,38.5,0,30.3633,-9.4144
Temsia,2026-09-25,32.8,20.3,0.0,0,29.9,49.0,3,30.3633,-9.4144
Temsia,2026-09-26,30.3,20.3,0.0,0,28.7,49.3,3,30.3633,-9.4144
Biougra,2026-09-20,30.9,20.6,0.0,0,20.2,33.5,2,30.2144,-9.3708
Biougra,2026-09-21,40.2,23.0,0.0,0,16.4,27.7,3,30.2144,-9.3708
Biougra,2026-09-22,40.4,24.9,0.0,0,26.6,47.2,2,30.2144,-9.3708
Biougra,2026-09-23,39.5,24.0,0.0,0,24.1,40.3,3,30.2144,-9.3708
Biougra,2026-09-24,37.4,23.2,0.0,0,20.4,34.9,0,30.2144,-9.3708
Biougra,2026-09-25,30.1,20.7,0.0,0,26.0,42.5,3,30.2144,-9.3708
Biougra,2026-09-26,28.8,19.6,0.0,0,25.3,43.2,3,30.2144,-9.3708
Al Hoceïma,2026-09-20,27.9,23.0,0.0,0,28.0,51.1,2,35.2472,-3.9322
Al Hoceïma,2026-09-21,28.6,20.4,0.0,0,24.5,43.9,2,35.2472,-3.9322
Al Hoceïma,2026-09-22,26.7,17.4,0.0,0,14.2,25.6,3,35.2472,-3.9322
Al Hoceïma,2026-09-23,26.6,17.3,0.0,0,13.8,24.5,45,35.2472,-3.9322
Al Hoceïma,2026-09-24,27.3,19.0,0.0,0,12.6,22.3,45,35.2472,-3.9322
Al Hoceïma,2026-09-25,27.2,18.0,0.0,0,9.0,16.9,45,35.2472,-3.9322
Al Hoceïma,2026-09-26,26.2,19.0,0.0,0,10.6,19.1,45,35.2472,-3.9322
Qasbat Tadla,2026-09-20,37.8,21.9,0.0,3,19.1,34.2,2,32.6,-6.26
Qasbat Tadla,2026-09-21,37.6,20.4,0.0,3,15.6,28.4,2,32.6,-6.26
Qasbat Tadla,2026-09-22,36.2,19.4,0.0,0,10.2,19.8,2,32.6,-6.26
Qasbat Tadla,2026-09-23,36.1,17.4,0.0,0,7.0,14.8,0,32.6,-6.26
Qasbat Tadla,2026-09-24,37.1,17.5,0.0,0,8.7,16.9,0,32.6,-6.26
Qasbat Tadla,2026-09-25,36.1,15.9,0.0,0,8.0,16.2,3,32.6,-6.26
Qasbat Tadla,2026-09-26,35.2,14.8,0.0,3,13.1,26.6,3,32.6,-6.26
Aziylal,2026-09-20,29.0,19.2,0.1,13,18.1,40.3,3,31.96,-6.56
Aziylal,2026-09-21,27.8,18.7,0.8,5,19.1,42.8,80,31.96,-6.56
Aziylal,2026-09-22,28.0,17.2,0.0,0,17.9,38.2,2,31.96,-6.56
Aziylal,2026-09-23,28.5,17.1,0.0,0,16.5,35.6,0,31.96,-6.56
Aziylal,2026-09-24,29.2,17.9,0.0,0,18.6,41.4,0,31.96,-6.56
Aziylal,2026-09-25,27.9,16.6,0.0,0,16.5,35.3,3,31.96,-6.56
Aziylal,2026-09-26,26.4,17.3,0.0,5,15.3,36.7,3,31.96,-6.56
Boujad,2026-09-20,36.0,21.9,0.0,0,25.5,46.4,2,32.7741,-6.3925
Boujad,2026-09-21,35.4,22.1,0.0,3,17.4,36.0,2,32.7741,-6.3925
Boujad,2026-09-22,34.4,20.0,0.0,0,15.5,27.4,2,32.7741,-6.3925
Boujad,2026-09-23,34.2,18.7,0.0,0,13.9,24.8,0,32.7741,-6.3925
Boujad,2026-09-24,35.1,18.5,0.0,0,12.8,27.0,0,32.7741,-6.3925
Boujad,2026-09-25,34.0,18.0,0.0,0,14.4,38.2,3,32.7741,-6.3925
Boujad,2026-09-26,33.5,18.8,0.0,0,17.5,34.9,3,32.7741,-6.3925
Al Aaroui,2026-09-20,26.3,21.7,0.0,3,28.3,49.7,3,35.0104,-3.0073
Al Aaroui,2026-09-21,26.3,20.1,0.0,0,24.2,42.1,3,35.0104,-3.0073
Al Aaroui,2026-09-22,26.8,17.1,0.0,0,20.4,35.3,45,35.0104,-3.0073
Al Aaroui,2026-09-23,27.2,16.5,0.0,0,20.9,36.0,45,35.0104,-3.0073
Al Aaroui,2026-09-24,28.1,17.5,0.0,0,19.9,35.3,45,35.0104,-3.0073
Al Aaroui,2026-09-25,30.4,15.0,0.0,0,13.5,25.2,3,35.0104,-3.0073
Al Aaroui,2026-09-26,28.6,15.0,0.0,0,16.3,30.6,45,35.0104,-3.0073
Mrirt,2026-09-20,33.1,17.6,0.0,0,17.3,36.7,3,33.1654,-5.5634
Mrirt,2026-09-21,32.2,18.3,0.0,0,22.7,50.4,3,33.1654,-5.5634
Mrirt,2026-09-22,31.5,16.5,0.0,0,20.8,44.3,1,33.1654,-5.5634
Mrirt,2026-09-23,32.2,15.8,0.0,0,19.1,41.4,1,33.1654,-5.5634
Mrirt,2026-09-24,33.2,16.4,0.0,0,16.4,36.0,1,33.1654,-5.5634
Mrirt,2026-09-25,31.6,15.5,0.0,0,17.7,37.1,3,33.1654,-5.5634
Mrirt,2026-09-26,32.0,13.7,0.0,3,13.7,38.9,3,33.1654,-5.5634
Tineghir,2026-09-20,27.0,17.4,0.1,15,12.0,19.1,3,31.5147,-5.5328
Tineghir,2026-09-21,27.3,18.4,0.3,25,30.4,47.2,80,31.5147,-5.5328
Tineghir,2026-09-22,29.6,17.8,0.0,0,22.3,34.6,2,31.5147,-5.5328
Tineghir,2026-09-23,28.8,17.3,0.0,0,12.3,21.6,1,31.5147,-5.5328
Tineghir,2026-09-24,29.5,18.0,0.0,0,28.1,46.8,1,31.5147,-5.5328
Tineghir,2026-09-25,29.7,18.0,0.0,0,12.1,22.3,3,31.5147,-5.5328
Tineghir,2026-09-26,27.5,20.2,1.5,9,19.2,29.2,95,31.5147,-5.5328
Bouknadel,2026-09-20,31.4,20.4,0.0,0,10.6,20.5,1,34.1766,-6.6893
Bouknadel,2026-09-21,30.2,20.7,0.0,0,12.3,21.2,2,34.1766,-6.6893
Bouknadel,2026-09-22,28.7,20.1,0.0,0,11.2,20.5,45,34.1766,-6.6893
Bouknadel,2026-09-23,27.8,18.8,0.0,0,17.1,29.5,45,34.1766,-6.6893
Bouknadel,2026-09-24,28.4,18.5,0.0,0,13.1,23.0,0,34.1766,-6.6893
Bouknadel,2026-09-25,29.3,19.3,0.0,0,12.5,29.2,3,34.1766,-6.6893
Bouknadel,2026-09-26,29.2,19.1,0.0,0,12.3,28.4,45,34.1766,-6.6893
Cabo Bojador,2026-09-20,27.5,19.5,0.0,0,26.5,48.2,0,26.1269,-14.4992
Cabo Bojador,2026-09-21,27.3,20.7,0.0,2,27.0,47.2,3,26.1269,-14.4992
Cabo Bojador,2026-09-22,26.6,20.8,0.0,1,25.6,46.4,3,26.1269,-14.4992
Cabo Bojador,2026-09-23,32.7,21.2,0.0,2,31.8,49.7,1,26.1269,-14.4992
Cabo Bojador,2026-09-24,35.9,23.7,0.0,0,31.8,52.9,3,26.1269,-14.4992
Cabo Bojador,2026-09-25,31.9,21.0,0.0,0,33.5,54.7,3,26.1269,-14.4992
Cabo Bojador,2026-09-26,23.7,21.0,0.0,2,26.7,44.6,3,26.1269,-14.4992
Zagora,2026-09-20,33.5,23.8,0.0,3,13.7,28.8,3,30.3316,-5.8376
Zagora,2026-09-21,32.9,23.5,0.5,23,16.3,30.6,80,30.3316,-5.8376
Zagora,2026-09-22,34.7,24.1,0.0,0,10.2,19.1,2,30.3316,-5.8376
Zagora,2026-09-23,33.8,23.1,0.0,0,11.2,19.4,2,30.3316,-5.8376
Zagora,2026-09-24,34.2,23.7,0.0,0,21.9,34.9,2,30.3316,-5.8376
Zagora,2026-09-25,35.5,24.5,0.0,0,18.7,28.8,3,30.3316,-5.8376
Zagora,2026-09-26,34.2,23.8,0.0,0,18.9,32.4,3,30.3316,-5.8376
Azemmour,2026-09-20,28.7,19.1,0.0,0,12.7,23.4,45,33.2833,-8.3333
Azemmour,2026-09-21,30.7,20.4,0.0,0,14.2,26.3,45,33.2833,-8.3333
Azemmour,2026-09-22,29.4,18.3,0.0,0,15.2,27.7,45,33.2833,-8.3333
Azemmour,2026-09-23,27.6,19.4,0.0,0,15.1,27.7,45,33.2833,-8.3333
Azemmour,2026-09-24,27.2,18.9,0.0,0,12.9,24.1,45,33.2833,-8.3333
Azemmour,2026-09-25,27.6,19.5,0.0,0,14.4,28.8,45,33.2833,-8.3333
Azemmour,2026-09-26,27.8,20.4,0.0,0,13.7,27.7,45,33.2833,-8.3333
El Hajeb,2026-09-20,32.1,21.1,0.0,0,20.3,45.0,3,33.6928,-5.3711
El Hajeb,2026-09-21,32.4,21.9,0.0,0,22.8,47.9,2,33.6928,-5.3711
El Hajeb,2026-09-22,30.8,20.9,0.0,0,20.0,42.5,1,33.6928,-5.3711
El Hajeb,2026-09-23,31.1,19.5,0.0,0,16.7,35.6,2,33.6928,-5.3711
El Hajeb,2026-09-24,32.2,19.9,0.0,0,17.4,35.6,0,33.6928,-5.3711
El Hajeb,2026-09-25,31.1,19.2,0.0,0,21.2,41.4,3,33.6928,-5.3711
El Hajeb,2026-09-26,31.0,16.6,0.0,3,18.2,36.4,2,33.6928,-5.3711
Jerada,2026-09-20,28.4,16.5,0.1,30,18.4,43.6,3,34.31,-2.16
Jerada,2026-09-21,27.5,17.0,0.0,0,22.3,48.6,3,34.31,-2.16
Jerada,2026-09-22,27.1,15.3,0.0,0,17.6,38.9,3,34.31,-2.16
Jerada,2026-09-23,28.9,16.2,0.0,0,24.8,51.1,2,34.31,-2.16
Jerada,2026-09-24,29.1,17.2,0.0,0,19.4,45.4,1,34.31,-2.16
Jerada,2026-09-25,29.9,16.2,0.0,0,17.7,33.1,3,34.31,-2.16
Jerada,2026-09-26,30.3,13.0,0.0,3,17.3,43.9,3,34.31,-2.16
El Aïoun,2026-09-20,30.9,17.9,0.0,3,20.9,34.2,45,34.5726,-2.5127
El Aïoun,2026-09-21,29.9,18.7,0.0,0,18.9,31.7,45,34.5726,-2.5127
El Aïoun,2026-09-22,29.1,14.5,0.0,0,14.1,23.8,45,34.5726,-2.5127
El Aïoun,2026-09-23,31.2,15.4,0.0,0,17.9,30.2,1,34.5726,-2.5127
El Aïoun,2026-09-24,31.6,15.6,0.0,0,14.9,29.9,0,34.5726,-2.5127
El Aïoun,2026-09-25,30.8,13.8,0.0,0,13.9,24.5,2,34.5726,-2.5127
El Aïoun,2026-09-26,31.5,14.1,0.0,0,22.5,37.1,2,34.5726,-2.5127
Tameslouht,2026-09-20,36.7,23.8,0.2,8,21.3,33.5,3,31.5,-8.1
Tameslouht,2026-09-21,37.2,24.7,0.0,0,24.4,39.6,3,31.5,-8.1
Tameslouht,2026-09-22,36.8,22.4,0.0,0,17.9,28.8,0,31.5,-8.1
Tameslouht,2026-09-23,36.3,21.1,0.0,0,15.5,25.6,0,31.5,-8.1
Tameslouht,2026-09-24,35.8,20.6,0.0,0,19.0,31.0,0,31.5,-8.1
Tameslouht,2026-09-25,34.1,20.7,0.0,0,11.7,21.6,3,31.5,-8.1
Tameslouht,2026-09-26,32.9,21.2,0.0,0,15.4,28.4,3,31.5,-8.1
Sidi Yahia El Gharb,2026-09-20,39.1,22.0,0.0,0,17.6,31.3,1,34.3058,-6.3058
Sidi Yahia El Gharb,2026-09-21,36.6,20.4,0.0,0,16.0,29.2,2,34.3058,-6.3058
Sidi Yahia El Gharb,2026-09-22,35.1,18.7,0.0,0,14.8,27.0,3,34.3058,-6.3058
Sidi Yahia El Gharb,2026-09-23,35.6,16.9,0.0,0,19.3,35.3,45,34.3058,-6.3058
Sidi Yahia El Gharb,2026-09-24,35.0,16.3,0.0,0,19.3,35.6,0,34.3058,-6.3058
Sidi Yahia El Gharb,2026-09-25,36.5,17.4,0.0,0,17.6,34.6,3,34.3058,-6.3058
Sidi Yahia El Gharb,2026-09-26,34.6,17.2,0.0,0,20.0,37.4,3,34.3058,-6.3058
Chichaoua,2026-09-20,37.1,23.2,0.0,3,28.9,48.2,3,31.5333,-8.7667
Chichaoua,2026-09-21,37.9,22.9,0.0,0,26.5,43.2,3,31.5333,-8.7667
Chichaoua,2026-09-22,37.9,20.9,0.0,0,22.3,37.1,0,31.5333,-8.7667
Chichaoua,2026-09-23,37.1,20.0,0.0,0,22.4,36.0,0,31.5333,-8.7667
Chichaoua,2026-09-24,36.1,19.1,0.0,0,20.7,34.6,0,31.5333,-8.7667
Chichaoua,2026-09-25,34.4,20.0,0.0,0,18.8,29.9,3,31.5333,-8.7667
Chichaoua,2026-09-26,33.5,21.3,0.0,0,21.7,36.7,3,31.5333,-8.7667
Al ’Attawia,2026-09-20,36.0,22.3,0.1,10,15.0,31.3,3,31.83,-7.31
Al ’Attawia,2026-09-21,35.7,22.4,0.0,3,16.4,29.9,3,31.83,-7.31
Al ’Attawia,2026-09-22,35.2,20.3,0.0,0,16.5,29.9,1,31.83,-7.31
Al ’Attawia,2026-09-23,35.1,18.7,0.0,0,12.6,23.8,0,31.83,-7.31
Al ’Attawia,2026-09-24,35.0,18.2,0.0,0,13.0,23.8,0,31.83,-7.31
Al ’Attawia,2026-09-25,33.5,18.4,0.0,0,13.6,25.6,3,31.83,-7.31
Al ’Attawia,2026-09-26,32.5,19.2,0.0,3,15.0,29.5,3,31.83,-7.31
Tabount,2026-09-20,29.8,19.1,0.3,15,10.7,22.3,61,30.9014,-6.9217
Tabount,2026-09-21,29.3,20.1,1.4,25,15.9,31.7,80,30.9014,-6.9217
Tabount,2026-09-22,32.9,17.0,0.0,0,29.3,51.1,1,30.9014,-6.9217
Tabount,2026-09-23,31.7,16.1,0.0,0,8.0,14.4,1,30.9014,-6.9217
Tabount,2026-09-24,32.3,17.6,0.0,5,13.9,31.0,2,30.9014,-6.9217
Tabount,2026-09-25,31.8,16.7,0.0,1,15.8,24.8,3,30.9014,-6.9217
Tabount,2026-09-26,29.9,18.4,0.0,3,11.4,20.5,3,30.9014,-6.9217
Zaïo,2026-09-20,28.4,20.9,0.0,0,17.8,39.6,3,34.9396,-2.7334
Zaïo,2026-09-21,28.7,19.5,0.0,0,16.1,38.2,45,34.9396,-2.7334
Zaïo,2026-09-22,28.4,16.9,0.0,0,11.8,24.5,45,34.9396,-2.7334
Zaïo,2026-09-23,29.4,17.7,0.0,0,12.1,31.3,45,34.9396,-2.7334
Zaïo,2026-09-24,30.4,18.5,0.0,0,11.9,32.0,45,34.9396,-2.7334
Zaïo,2026-09-25,30.3,17.3,0.0,0,15.3,29.5,45,34.9396,-2.7334
Zaïo,2026-09-26,28.4,16.0,0.0,0,19.1,35.6,45,34.9396,-2.7334
Aguelmous,2026-09-20,32.3,19.4,0.0,0,21.0,41.4,2,33.1324,-5.8366
Aguelmous,2026-09-21,32.3,19.7,0.0,0,23.1,46.4,3,33.1324,-5.8366
Aguelmous,2026-09-22,31.1,18.3,0.0,0,18.1,39.2,1,33.1324,-5.8366
Aguelmous,2026-09-23,31.4,17.7,0.0,0,14.8,36.7,1,33.1324,-5.8366
Aguelmous,2026-09-24,32.3,18.6,0.0,0,14.9,33.1,0,33.1324,-5.8366
Aguelmous,2026-09-25,31.0,18.3,0.0,0,18.3,41.8,3,33.1324,-5.8366
Aguelmous,2026-09-26,31.0,17.9,0.0,3,18.8,40.0,3,33.1324,-5.8366
Asilah,2026-09-20,29.8,24.0,0.0,0,30.7,54.4,1,35.4667,-6.0333
Asilah,2026-09-21,31.0,23.6,0.0,0,23.9,42.1,1,35.4667,-6.0333
Asilah,2026-09-22,30.9,22.4,0.0,0,19.2,34.2,1,35.4667,-6.0333
Asilah,2026-09-23,31.7,20.5,0.0,0,25.3,45.0,1,35.4667,-6.0333
Asilah,2026-09-24,32.1,22.2,0.0,0,21.5,41.0,1,35.4667,-6.0333
Asilah,2026-09-25,33.1,21.1,0.0,0,16.8,31.3,3,35.4667,-6.0333
Asilah,2026-09-26,34.0,18.8,0.0,0,13.9,27.7,3,35.4667,-6.0333
Imzouren,2026-09-20,29.7,21.0,0.0,0,23.7,42.1,2,35.1464,-3.8506
Imzouren,2026-09-21,29.3,19.8,0.0,0,18.4,32.8,1,35.1464,-3.8506
Imzouren,2026-09-22,27.5,18.1,0.0,0,14.8,26.6,3,35.1464,-3.8506
Imzouren,2026-09-23,27.5,17.5,0.0,0,15.2,27.0,1,35.1464,-3.8506
Imzouren,2026-09-24,28.0,18.4,0.0,0,13.6,24.8,3,35.1464,-3.8506
Imzouren,2026-09-25,30.0,18.1,0.0,0,11.5,21.6,2,35.1464,-3.8506
Imzouren,2026-09-26,29.2,18.9,0.0,0,11.5,22.7,3,35.1464,-3.8506
Mediouna,2026-09-20,35.5,19.3,0.0,0,17.7,32.0,2,33.4556,-7.5208
Mediouna,2026-09-21,37.5,21.1,0.0,0,20.0,36.4,2,33.4556,-7.5208
Mediouna,2026-09-22,35.0,18.3,0.0,0,16.9,30.2,0,33.4556,-7.5208
Mediouna,2026-09-23,34.0,17.5,0.0,0,17.1,30.6,45,33.4556,-7.5208
Mediouna,2026-09-24,33.0,17.4,0.0,0,17.9,32.0,1,33.4556,-7.5208
Mediouna,2026-09-25,28.1,17.5,0.0,0,12.6,32.4,45,33.4556,-7.5208
Mediouna,2026-09-26,27.3,18.6,0.0,0,13.7,35.3,45,33.4556,-7.5208
Demnat,2026-09-20,32.8,22.1,0.0,10,13.2,27.0,3,31.7311,-7.0361
Demnat,2026-09-21,31.9,21.3,0.7,5,13.5,25.6,3,31.7311,-7.0361
Demnat,2026-09-22,31.9,19.7,0.0,0,15.1,29.5,1,31.7311,-7.0361
Demnat,2026-09-23,32.0,18.5,0.0,0,15.2,29.5,0,31.7311,-7.0361
Demnat,2026-09-24,32.0,18.2,0.0,0,16.0,32.8,0,31.7311,-7.0361
Demnat,2026-09-25,30.8,18.0,0.0,0,15.8,30.6,3,31.7311,-7.0361
Demnat,2026-09-26,29.8,18.0,0.0,9,14.3,28.1,3,31.7311,-7.0361
Aïn Taoujdat,2026-09-20,35.3,19.5,0.0,0,16.6,32.0,2,33.9333,-5.2167
Aïn Taoujdat,2026-09-21,34.6,20.6,0.0,0,15.6,29.9,2,33.9333,-5.2167
Aïn Taoujdat,2026-09-22,33.2,18.9,0.0,0,14.1,27.0,2,33.9333,-5.2167
Aïn Taoujdat,2026-09-23,33.9,17.9,0.0,0,16.6,32.0,1,33.9333,-5.2167
Aïn Taoujdat,2026-09-24,35.0,18.5,0.0,0,17.5,33.1,0,33.9333,-5.2167
Aïn Taoujdat,2026-09-25,34.5,19.2,0.0,0,19.5,35.6,3,33.9333,-5.2167
Aïn Taoujdat,2026-09-26,34.1,18.1,0.0,0,16.7,31.3,2,33.9333,-5.2167
Sidi Smai’il,2026-09-20,36.5,19.7,0.0,0,15.6,28.4,2,32.8167,-8.5
Sidi Smai’il,2026-09-21,36.4,20.9,0.0,0,15.6,27.4,2,32.8167,-8.5
Sidi Smai’il,2026-09-22,35.7,17.4,0.0,0,17.3,30.6,45,32.8167,-8.5
Sidi Smai’il,2026-09-23,33.6,18.6,0.0,0,15.5,27.7,45,32.8167,-8.5
Sidi Smai’il,2026-09-24,32.7,18.0,0.0,0,16.1,29.2,45,32.8167,-8.5
Sidi Smai’il,2026-09-25,30.7,18.4,0.0,0,18.6,34.2,45,32.8167,-8.5
Sidi Smai’il,2026-09-26,30.1,19.7,0.0,0,18.0,33.5,45,32.8167,-8.5
Moulay Bousselham,2026-09-20,35.2,21.1,0.0,0,14.8,28.4,1,34.8786,-6.2933
Moulay Bousselham,2026-09-21,32.4,20.6,0.0,0,18.1,29.9,1,34.8786,-6.2933
Moulay Bousselham,2026-09-22,32.2,20.3,0.0,0,17.6,30.6,3,34.8786,-6.2933
Moulay Bousselham,2026-09-23,29.1,17.5,0.0,0,18.2,31.0,3,34.8786,-6.2933
Moulay Bousselham,2026-09-24,30.7,17.2,0.0,0,16.8,28.1,0,34.8786,-6.2933
Moulay Bousselham,2026-09-25,31.4,17.3,0.0,0,18.2,32.0,3,34.8786,-6.2933
Moulay Bousselham,2026-09-26,31.0,17.8,0.0,0,19.4,33.8,45,34.8786,-6.2933
Mechraa Bel Ksiri,2026-09-20,38.7,24.5,0.0,0,23.5,43.6,1,34.56,-5.95
Mechraa Bel Ksiri,2026-09-21,37.8,25.0,0.0,0,18.5,34.6,1,34.56,-5.95
Mechraa Bel Ksiri,2026-09-22,36.3,20.8,0.0,0,16.0,30.6,3,34.56,-5.95
Mechraa Bel Ksiri,2026-09-23,37.2,18.0,0.0,0,17.7,32.0,1,34.56,-5.95
Mechraa Bel Ksiri,2026-09-24,37.9,20.4,0.0,0,15.6,34.9,0,34.56,-5.95
Mechraa Bel Ksiri,2026-09-25,36.2,18.5,0.0,0,18.4,34.9,3,34.56,-5.95
Mechraa Bel Ksiri,2026-09-26,34.8,17.4,0.0,0,20.2,38.5,3,34.56,-5.95
Souk et Tnine Jorf el Mellah,2026-09-20,38.0,24.7,0.0,0,22.4,42.1,0,34.4945,-5.5047
Souk et Tnine Jorf el Mellah,2026-09-21,37.5,25.1,0.0,0,18.6,34.6,1,34.4945,-5.5047
Souk et Tnine Jorf el Mellah,2026-09-22,36.0,22.8,0.0,0,15.0,27.7,1,34.4945,-5.5047
Souk et Tnine Jorf el Mellah,2026-09-23,37.1,19.9,0.0,0,12.9,24.5,1,34.4945,-5.5047
Souk et Tnine Jorf el Mellah,2026-09-24,37.9,20.2,0.0,0,16.6,30.2,0,34.4945,-5.5047
Souk et Tnine Jorf el Mellah,2026-09-25,37.2,19.4,0.0,0,13.5,30.6,3,34.4945,-5.5047
Souk et Tnine Jorf el Mellah,2026-09-26,37.2,17.9,0.0,0,13.2,34.2,3,34.4945,-5.5047
Zeghanghane,2026-09-20,26.0,22.4,1.0,38,27.0,49.3,80,35.1575,-3.0017
Zeghanghane,2026-09-21,26.2,21.5,0.0,3,22.9,43.6,3,35.1575,-3.0017
Zeghanghane,2026-09-22,26.5,18.2,0.0,0,17.9,35.3,3,35.1575,-3.0017
Zeghanghane,2026-09-23,27.0,18.0,0.0,0,18.2,35.3,45,35.1575,-3.0017
Zeghanghane,2026-09-24,27.9,18.5,0.0,0,16.7,33.1,45,35.1575,-3.0017
Zeghanghane,2026-09-25,27.7,17.0,0.0,0,14.0,25.6,3,35.1575,-3.0017
Zeghanghane,2026-09-26,26.7,17.3,0.0,0,20.0,36.0,45,35.1575,-3.0017
Oulad Barhil,2026-09-20,37.7,24.5,0.0,18,22.4,44.6,3,30.6408,-8.475
Oulad Barhil,2026-09-21,37.8,22.2,0.0,10,23.8,44.3,3,30.6408,-8.475
Oulad Barhil,2026-09-22,38.6,20.8,0.0,0,17.0,32.8,1,30.6408,-8.475
Oulad Barhil,2026-09-23,38.6,20.3,0.0,0,17.8,37.1,3,30.6408,-8.475
Oulad Barhil,2026-09-24,37.9,19.4,0.0,0,27.3,51.5,0,30.6408,-8.475
Oulad Barhil,2026-09-25,37.0,18.0,0.0,0,21.4,39.6,3,30.6408,-8.475
Oulad Barhil,2026-09-26,33.8,18.7,0.0,3,20.0,36.4,3,30.6408,-8.475
Bir Jdid,2026-09-20,30.8,19.6,0.0,0,14.7,29.5,2,33.3737,-8.0002
Bir Jdid,2026-09-21,32.8,20.7,0.0,0,15.5,30.2,2,33.3737,-8.0002
Bir Jdid,2026-09-22,31.0,18.6,0.0,0,15.2,30.2,0,33.3737,-8.0002
Bir Jdid,2026-09-23,28.8,19.0,0.0,0,15.5,30.2,45,33.3737,-8.0002
Bir Jdid,2026-09-24,29.2,18.1,0.0,0,15.5,30.2,45,33.3737,-8.0002
Bir Jdid,2026-09-25,27.7,19.1,0.0,0,16.1,31.3,45,33.3737,-8.0002
Bir Jdid,2026-09-26,28.0,18.6,0.0,0,16.1,34.2,45,33.3737,-8.0002
Bou Arfa,2026-09-20,27.1,15.4,0.4,25,14.5,23.0,80,32.531,-1.9631
Bou Arfa,2026-09-21,28.4,16.4,0.2,0,19.0,29.5,80,32.531,-1.9631
Bou Arfa,2026-09-22,26.8,14.9,0.0,0,12.0,18.7,3,32.531,-1.9631
Bou Arfa,2026-09-23,27.9,13.9,0.0,0,13.2,21.2,3,32.531,-1.9631
Bou Arfa,2026-09-24,28.3,14.9,0.0,0,17.7,27.7,2,32.531,-1.9631
Bou Arfa,2026-09-25,29.4,17.2,1.5,0,17.6,32.4,3,32.531,-1.9631
Bou Arfa,2026-09-26,25.8,16.2,1.8,7,12.2,25.6,80,32.531,-1.9631
Tahannawt,2026-09-20,33.2,23.1,0.0,20,16.9,32.8,3,31.3514,-7.9508
Tahannawt,2026-09-21,33.2,23.0,0.0,13,20.4,37.4,3,31.3514,-7.9508
Tahannawt,2026-09-22,33.3,20.7,0.0,0,16.6,31.0,0,31.3514,-7.9508
Tahannawt,2026-09-23,33.1,19.0,0.0,0,14.9,28.4,0,31.3514,-7.9508
Tahannawt,2026-09-24,32.7,18.4,0.0,0,15.1,28.1,0,31.3514,-7.9508
Tahannawt,2026-09-25,31.2,17.9,0.0,0,13.3,24.1,3,31.3514,-7.9508
Tahannawt,2026-09-26,30.1,19.5,0.0,0,13.1,28.4,3,31.3514,-7.9508
Arfoud,2026-09-20,31.6,20.5,0.0,18,8.6,23.8,3,31.4361,-4.2328
Arfoud,2026-09-21,33.1,20.8,0.2,13,15.5,27.4,3,31.4361,-4.2328
Arfoud,2026-09-22,32.2,21.3,0.0,0,10.5,15.8,2,31.4361,-4.2328
Arfoud,2026-09-23,31.3,20.1,0.0,0,8.3,14.8,3,31.4361,-4.2328
Arfoud,2026-09-24,32.6,21.7,0.0,0,13.0,21.2,2,31.4361,-4.2328
Arfoud,2026-09-25,33.3,22.7,0.0,0,19.9,31.3,3,31.4361,-4.2328
Arfoud,2026-09-26,31.5,23.6,0.0,8,20.5,35.3,3,31.4361,-4.2328
Tahla,2026-09-20,33.7,21.1,0.0,0,20.7,41.0,2,34.05,-4.42
Tahla,2026-09-21,33.5,21.1,0.0,0,17.4,33.8,2,34.05,-4.42
Tahla,2026-09-22,32.5,18.7,0.0,0,11.8,23.0,3,34.05,-4.42
Tahla,2026-09-23,33.1,18.0,0.0,0,18.7,35.3,1,34.05,-4.42
Tahla,2026-09-24,34.0,18.8,0.0,0,20.0,38.2,0,34.05,-4.42
Tahla,2026-09-25,33.9,18.4,0.0,0,19.1,37.1,3,34.05,-4.42
Tahla,2026-09-26,34.2,17.9,0.0,0,19.2,41.4,3,34.05,-4.42
Missour,2026-09-20,31.5,16.8,0.5,18,24.6,39.2,80,33.05,-3.9908
Missour,2026-09-21,30.1,18.2,0.0,0,25.8,40.0,45,33.05,-3.9908
Missour,2026-09-22,29.8,16.1,0.0,0,20.9,32.4,1,33.05,-3.9908
Missour,2026-09-23,31.3,14.5,0.0,0,22.4,34.6,1,33.05,-3.9908
Missour,2026-09-24,32.3,15.9,0.0,0,23.4,36.0,1,33.05,-3.9908
Missour,2026-09-25,32.1,15.8,0.0,0,26.2,41.4,3,33.05,-3.9908
Missour,2026-09-26,31.2,16.5,0.0,0,10.3,20.9,3,33.05,-3.9908
Sidi Lmokhtar,2026-09-20,36.4,22.3,0.0,0,22.7,37.1,3,31.57,-9.01
Sidi Lmokhtar,2026-09-21,37.8,22.6,0.0,0,22.7,38.2,3,31.57,-9.01
Sidi Lmokhtar,2026-09-22,37.6,20.1,0.0,0,20.3,33.5,0,31.57,-9.01
Sidi Lmokhtar,2026-09-23,36.9,19.3,0.0,0,18.4,30.6,0,31.57,-9.01
Sidi Lmokhtar,2026-09-24,34.9,18.9,0.0,0,18.8,31.7,0,31.57,-9.01
Sidi Lmokhtar,2026-09-25,34.5,19.7,0.0,0,21.0,36.4,3,31.57,-9.01
Sidi Lmokhtar,2026-09-26,31.8,19.6,0.0,0,21.4,38.5,3,31.57,-9.01
Douar Toulal,2026-09-20,36.6,21.0,0.0,0,15.9,38.5,2,33.8951,-5.6021
Douar Toulal,2026-09-21,35.7,21.7,0.0,0,17.1,38.2,2,33.8951,-5.6021
Douar Toulal,2026-09-22,34.0,18.6,0.0,0,15.5,34.2,2,33.8951,-5.6021
Douar Toulal,2026-09-23,34.4,18.4,0.0,0,14.5,33.5,3,33.8951,-5.6021
Douar Toulal,2026-09-24,35.1,18.6,0.0,0,15.9,36.7,0,33.8951,-5.6021
Douar Toulal,2026-09-25,34.5,18.1,0.0,0,19.6,37.1,3,33.8951,-5.6021
Douar Toulal,2026-09-26,33.5,16.3,0.0,0,17.2,33.1,3,33.8951,-5.6021
Oulad Yaïch,2026-09-20,37.7,24.6,0.0,3,12.6,27.7,2,32.4167,-6.3333
Oulad Yaïch,2026-09-21,37.7,22.1,0.0,3,17.7,31.0,3,32.4167,-6.3333
Oulad Yaïch,2026-09-22,36.4,22.1,0.0,0,9.9,19.1,2,32.4167,-6.3333
Oulad Yaïch,2026-09-23,36.6,20.2,0.0,0,8.4,16.9,0,32.4167,-6.3333
Oulad Yaïch,2026-09-24,37.3,20.1,0.0,0,9.0,17.6,0,32.4167,-6.3333
Oulad Yaïch,2026-09-25,35.0,20.6,0.0,0,17.4,33.1,3,32.4167,-6.3333
Oulad Yaïch,2026-09-26,33.9,24.0,0.0,3,18.4,35.3,3,32.4167,-6.3333
Zawyat ech Cheïkh,2026-09-20,35.5,18.6,0.0,3,8.5,16.9,2,32.6541,-5.9214
Zawyat ech Cheïkh,2026-09-21,35.2,18.6,0.0,3,13.0,24.5,2,32.6541,-5.9214
Zawyat ech Cheïkh,2026-09-22,33.6,17.3,0.0,0,11.5,21.6,2,32.6541,-5.9214
Zawyat ech Cheïkh,2026-09-23,33.9,15.8,0.0,0,11.4,22.0,1,32.6541,-5.9214
Zawyat ech Cheïkh,2026-09-24,34.9,15.2,0.0,0,12.6,24.5,0,32.6541,-5.9214
Zawyat ech Cheïkh,2026-09-25,34.1,14.6,0.0,0,12.7,24.1,3,32.6541,-5.9214
Zawyat ech Cheïkh,2026-09-26,33.3,17.7,0.0,0,15.7,30.2,3,32.6541,-5.9214
Imi-n-Tanout,2026-09-20,32.7,23.8,0.0,18,22.5,39.2,3,31.177,-8.8504
Imi-n-Tanout,2026-09-21,34.3,24.4,0.0,3,25.6,43.6,3,31.177,-8.8504
Imi-n-Tanout,2026-09-22,33.5,23.6,0.0,0,22.3,37.4,1,31.177,-8.8504
Imi-n-Tanout,2026-09-23,33.1,21.7,0.0,0,19.2,32.4,2,31.177,-8.8504
Imi-n-Tanout,2026-09-24,33.1,21.6,0.0,0,17.3,31.7,0,31.177,-8.8504
Imi-n-Tanout,2026-09-25,30.0,20.5,0.0,0,19.2,31.7,3,31.177,-8.8504
Imi-n-Tanout,2026-09-26,29.6,20.0,0.0,0,22.8,38.2,3,31.177,-8.8504
Sebt Gzoula,2026-09-20,33.8,22.0,0.0,0,14.4,28.1,2,32.1219,-9.0889
Sebt Gzoula,2026-09-21,35.1,22.2,0.0,0,14.0,27.0,3,32.1219,-9.0889
Sebt Gzoula,2026-09-22,37.3,20.5,0.0,0,15.0,28.8,0,32.1219,-9.0889
Sebt Gzoula,2026-09-23,35.4,19.8,0.0,0,14.3,27.7,1,32.1219,-9.0889
Sebt Gzoula,2026-09-24,33.2,18.0,0.0,0,15.0,28.8,0,32.1219,-9.0889
Sebt Gzoula,2026-09-25,32.0,18.1,0.0,0,19.5,37.1,3,32.1219,-9.0889
Sebt Gzoula,2026-09-26,30.1,20.0,0.0,0,16.0,31.7,45,32.1219,-9.0889
Tifariti,2026-09-20,36.9,19.0,0.0,0,14.4,24.5,0,26.158,-10.567
Tifariti,2026-09-21,38.8,27.4,0.0,2,26.5,42.8,3,26.158,-10.567
Tifariti,2026-09-22,38.7,26.1,0.0,2,21.6,36.0,3,26.158,-10.567
Tifariti,2026-09-23,39.2,26.7,0.0,2,20.4,31.3,3,26.158,-10.567
Tifariti,2026-09-24,38.8,25.1,0.0,1,25.2,38.5,3,26.158,-10.567
Tifariti,2026-09-25,37.6,25.8,0.0,0,22.6,40.0,3,26.158,-10.567
Tifariti,2026-09-26,35.2,27.2,0.4,2,20.3,34.2,51,26.158,-10.567
