city,date,temp_max,temp_min,precipitation,precipitation_probability,wind_speed,wind_gusts,weather_code,lat,lng,precipitation_category,heat_category,cold_category,wind_category,rain_risk,wind_risk,gust_risk,temperature_risk,weather_code_risk,risk_score,risk_category
Casablanca,2026-09-15,28.8,21.7,0.0,0,11.0,30.6,45,33.5992,-7.62,No Rain,Normal,Normal,Calm,0,0,25,0,20,7.0,Low
Casablanca,2026-09-16,25.9,21.1,0.0,0,14.3,36.4,45,33.5992,-7.62,No Rain,Normal,Normal,Calm,0,0,25,0,20,7.0,Low
Casablanca,2026-09-17,25.8,19.9,0.0,0,11.7,33.5,3,33.5992,-7.62,No Rain,Normal,Normal,Calm,0,0,25,0,10,6.0,Low
Casablanca,2026-09-18,26.3,18.6,0.0,3,14.0,36.4,45,33.5992,-7.62,No Rain,Normal,Normal,Calm,0,0,25,0,20,7.0,Low
Casablanca,2026-09-19,27.0,19.9,0.0,0,12.4,33.5,45,33.5992,-7.62,No Rain,Normal,Normal,Calm,0,0,25,0,20,7.0,Low
Casablanca,2026-09-20,31.8,21.5,0.0,0,11.6,29.9,2,33.5992,-7.62,No Rain,Hot,Normal,Calm,0,0,0,25,10,4.75,Low
Casablanca,2026-09-21,30.3,21.6,0.0,0,13.6,36.0,2,33.5992,-7.62,No Rain,Hot,Normal,Calm,0,0,25,25,10,9.75,Low
Tangier,2026-09-15,30.8,21.5,0.0,0,13.2,30.2,0,35.7767,-5.8039,No Rain,Hot,Normal,Calm,0,0,25,25,0,8.75,Low
Tangier,2026-09-16,26.8,18.1,0.0,0,18.7,45.0,3,35.7767,-5.8039,No Rain,Normal,Normal,Calm,0,0,25,0,10,6.0,Low
Tangier,2026-09-17,26.1,16.6,0.0,0,12.0,28.8,3,35.7767,-5.8039,No Rain,Normal,Normal,Calm,0,0,0,0,10,1.0,Low
Tangier,2026-09-18,28.4,20.3,0.0,8,18.3,44.3,3,35.7767,-5.8039,No Rain,Normal,Normal,Calm,0,0,25,0,10,6.0,Low
Tangier,2026-09-19,27.7,21.9,0.0,0,31.1,73.8,1,35.7767,-5.8039,No Rain,Normal,Normal,Moderate,0,25,75,0,10,22.25,Moderate
Tangier,2026-09-20,25.5,22.6,0.0,0,45.7,88.2,2,35.7767,-5.8039,No Rain,Normal,Normal,Strong,0,50,75,0,10,28.5,Moderate
Tangier,2026-09-21,25.6,21.9,0.0,0,42.9,80.6,2,35.7767,-5.8039,No Rain,Normal,Normal,Strong,0,50,75,0,10,28.5,Moderate
Fès,2026-09-15,34.6,23.8,0.0,0,14.4,37.1,1,34.0433,-5.0033,No Rain,Hot,Normal,Calm,0,0,25,25,10,9.75,Low
Fès,2026-09-16,31.2,20.9,0.0,0,16.9,40.7,1,34.0433,-5.0033,No Rain,Hot,Normal,Calm,0,0,25,25,10,9.75,Low
Fès,2026-09-17,29.5,18.7,0.0,5,11.7,31.3,3,34.0433,-5.0033,No Rain,Normal,Normal,Calm,0,0,25,0,10,6.0,Low
Fès,2026-09-18,31.2,18.3,0.0,5,9.1,24.5,3,34.0433,-5.0033,No Rain,Hot,Normal,Calm,0,0,0,25,10,4.75,Low
Fès,2026-09-19,33.7,21.0,0.0,0,16.9,44.6,1,34.0433,-5.0033,No Rain,Hot,Normal,Calm,0,0,25,25,10,9.75,Low
Fès,2026-09-20,33.9,21.9,0.0,0,20.0,48.6,1,34.0433,-5.0033,No Rain,Hot,Normal,Moderate,0,0,25,25,10,9.75,Low
Fès,2026-09-21,33.8,21.5,0.0,0,14.4,37.4,0,34.0433,-5.0033,No Rain,Hot,Normal,Calm,0,0,25,25,0,8.75,Low
Marrakech,2026-09-15,38.1,25.6,0.0,3,11.5,31.0,3,31.6295,-7.9811,No Rain,Hot,Normal,Calm,0,0,25,50,10,13.5,Low
Marrakech,2026-09-16,34.8,21.7,0.0,0,12.7,34.6,0,31.6295,-7.9811,No Rain,Hot,Normal,Calm,0,0,25,25,0,8.75,Low
Marrakech,2026-09-17,30.5,19.1,0.0,0,9.6,27.7,3,31.6295,-7.9811,No Rain,Hot,Normal,Calm,0,0,0,25,10,4.75,Low
Marrakech,2026-09-18,31.7,19.2,0.0,8,7.3,25.6,1,31.6295,-7.9811,No Rain,Hot,Normal,Calm,0,0,0,25,10,4.75,Low
Marrakech,2026-09-19,36.3,20.8,0.0,3,7.5,23.8,2,31.6295,-7.9811,No Rain,Hot,Normal,Calm,0,0,0,50,10,8.5,Low
Marrakech,2026-09-20,39.0,23.7,0.0,3,14.7,24.8,3,31.6295,-7.9811,No Rain,Hot,Normal,Calm,0,0,0,50,10,8.5,Low
Marrakech,2026-09-21,34.5,23.6,0.0,5,17.0,31.3,3,31.6295,-7.9811,No Rain,Hot,Normal,Calm,0,0,25,25,10,9.75,Low
Sale,2026-09-15,28.1,21.6,0.0,0,12.3,31.7,45,34.05,-6.8167,No Rain,Normal,Normal,Calm,0,0,25,0,20,7.0,Low
Sale,2026-09-16,26.2,20.8,0.0,0,15.5,38.5,3,34.05,-6.8167,No Rain,Normal,Normal,Calm,0,0,25,0,10,6.0,Low
Sale,2026-09-17,26.3,19.6,0.0,0,12.0,31.7,3,34.05,-6.8167,No Rain,Normal,Normal,Calm,0,0,25,0,10,6.0,Low
Sale,2026-09-18,26.9,16.3,0.0,3,12.0,31.7,45,34.05,-6.8167,No Rain,Normal,Normal,Calm,0,0,25,0,20,7.0,Low
Sale,2026-09-19,29.4,17.3,0.0,0,12.4,32.0,45,34.05,-6.8167,No Rain,Normal,Normal,Calm,0,0,25,0,20,7.0,Low
Sale,2026-09-20,33.5,19.4,0.0,0,13.6,32.0,1,34.05,-6.8167,No Rain,Hot,Normal,Calm,0,0,25,25,10,9.75,Low
Sale,2026-09-21,28.4,20.3,0.0,0,11.8,27.7,0,34.05,-6.8167,No Rain,Normal,Normal,Calm,0,0,0,0,0,0.0,Low
Meknès,2026-09-15,33.4,21.8,0.0,0,16.0,41.0,2,33.8833,-5.55,No Rain,Hot,Normal,Calm,0,0,25,25,10,9.75,Low
Meknès,2026-09-16,30.1,18.9,0.0,0,16.1,40.0,2,33.8833,-5.55,No Rain,Hot,Normal,Calm,0,0,25,25,10,9.75,Low
Meknès,2026-09-17,27.8,17.5,0.0,3,13.2,33.8,3,33.8833,-5.55,No Rain,Normal,Normal,Calm,0,0,25,0,10,6.0,Low
Meknès,2026-09-18,29.7,16.3,0.0,18,12.0,30.6,2,33.8833,-5.55,No Rain,Normal,Normal,Calm,0,0,25,0,10,6.0,Low
Meknès,2026-09-19,33.5,18.6,0.0,5,11.6,34.9,1,33.8833,-5.55,No Rain,Hot,Normal,Calm,0,0,25,25,10,9.75,Low
Meknès,2026-09-20,34.9,21.1,0.0,1,18.6,40.7,2,33.8833,-5.55,No Rain,Hot,Normal,Calm,0,0,25,25,10,9.75,Low
Meknès,2026-09-21,34.2,20.3,0.0,0,11.6,26.6,0,33.8833,-5.55,No Rain,Hot,Normal,Calm,0,0,0,25,0,3.75,Low
Rabat,2026-09-15,28.2,21.6,0.0,0,12.3,31.7,45,34.0211,-6.8414,No Rain,Normal,Normal,Calm,0,0,25,0,20,7.0,Low
Rabat,2026-09-16,26.2,20.9,0.0,0,15.5,38.5,3,34.0211,-6.8414,No Rain,Normal,Normal,Calm,0,0,25,0,10,6.0,Low
Rabat,2026-09-17,26.3,19.6,0.0,0,12.0,31.7,3,34.0211,-6.8414,No Rain,Normal,Normal,Calm,0,0,25,0,10,6.0,Low
Rabat,2026-09-18,27.0,16.4,0.0,3,12.0,31.7,45,34.0211,-6.8414,No Rain,Normal,Normal,Calm,0,0,25,0,20,7.0,Low
Rabat,2026-09-19,29.5,17.4,0.0,0,12.4,32.0,45,34.0211,-6.8414,No Rain,Normal,Normal,Calm,0,0,25,0,20,7.0,Low
Rabat,2026-09-20,33.6,19.5,0.0,0,13.6,32.0,1,34.0211,-6.8414,No Rain,Hot,Normal,Calm,0,0,25,25,10,9.75,Low
Rabat,2026-09-21,28.4,20.3,0.0,0,11.8,27.7,0,34.0211,-6.8414,No Rain,Normal,Normal,Calm,0,0,0,0,0,0.0,Low
Agadir,2026-09-15,34.4,26.1,0.0,5,9.0,27.0,3,30.4214,-9.5831,No Rain,Hot,Normal,Calm,0,0,0,25,10,4.75,Low
Agadir,2026-09-16,38.1,24.5,0.0,0,20.4,49.0,0,30.4214,-9.5831,No Rain,Hot,Normal,Moderate,0,25,25,50,0,18.75,Low
Agadir,2026-09-17,28.3,20.9,0.0,0,14.7,40.7,2,30.4214,-9.5831,No Rain,Normal,Normal,Calm,0,0,25,0,10,6.0,Low
Agadir,2026-09-18,27.1,20.2,0.0,3,13.3,36.7,2,30.4214,-9.5831,No Rain,Normal,Normal,Calm,0,0,25,0,10,6.0,Low
Agadir,2026-09-19,27.7,21.4,0.0,0,12.6,38.2,2,30.4214,-9.5831,No Rain,Normal,Normal,Calm,0,0,25,0,10,6.0,Low
Agadir,2026-09-20,28.5,21.0,0.0,0,15.0,30.6,2,30.4214,-9.5831,No Rain,Normal,Normal,Calm,0,0,25,0,10,6.0,Low
Agadir,2026-09-21,33.3,21.3,0.0,0,12.8,27.0,45,30.4214,-9.5831,No Rain,Hot,Normal,Calm,0,0,0,25,20,5.75,Low
Kenitra,2026-09-15,29.1,21.2,0.0,0,13.0,32.4,45,34.25,-6.5833,No Rain,Normal,Normal,Calm,0,0,25,0,20,7.0,Low
Kenitra,2026-09-16,26.9,20.8,0.0,0,16.8,40.7,2,34.25,-6.5833,No Rain,Normal,Normal,Calm,0,0,25,0,10,6.0,Low
Kenitra,2026-09-17,26.9,19.0,0.0,0,12.8,31.7,3,34.25,-6.5833,No Rain,Normal,Normal,Calm,0,0,25,0,10,6.0,Low
Kenitra,2026-09-18,28.1,16.9,0.0,5,13.3,33.5,45,34.25,-6.5833,No Rain,Normal,Normal,Calm,0,0,25,0,20,7.0,Low
Kenitra,2026-09-19,32.6,17.1,0.0,0,17.1,41.0,45,34.25,-6.5833,No Rain,Hot,Normal,Calm,0,0,25,25,20,10.75,Low
Kenitra,2026-09-20,36.7,22.4,0.0,0,17.3,40.3,1,34.25,-6.5833,No Rain,Hot,Normal,Calm,0,0,25,50,10,13.5,Low
Kenitra,2026-09-21,33.1,22.1,0.0,0,14.3,33.1,0,34.25,-6.5833,No Rain,Hot,Normal,Calm,0,0,25,25,0,8.75,Low
Oujda-Angad,2026-09-15,31.2,16.2,0.0,0,18.1,37.4,3,34.6867,-1.9114,No Rain,Hot,Normal,Calm,0,0,25,25,10,9.75,Low
Oujda-Angad,2026-09-16,32.3,15.5,0.0,0,19.1,39.6,0,34.6867,-1.9114,No Rain,Hot,Normal,Calm,0,0,25,25,0,8.75,Low
Oujda-Angad,2026-09-17,27.6,16.1,0.2,9,18.4,39.2,3,34.6867,-1.9114,Light,Normal,Normal,Calm,25,0,25,0,10,13.5,Low
Oujda-Angad,2026-09-18,27.0,18.0,0.0,20,18.4,39.6,3,34.6867,-1.9114,No Rain,Normal,Normal,Calm,0,0,25,0,10,6.0,Low
Oujda-Angad,2026-09-19,27.9,18.2,0.0,30,19.5,42.8,45,34.6867,-1.9114,No Rain,Normal,Normal,Calm,0,0,25,0,20,7.0,Low
Oujda-Angad,2026-09-20,28.1,17.4,0.0,13,20.3,40.0,45,34.6867,-1.9114,No Rain,Normal,Normal,Moderate,0,25,25,0,20,13.25,Low
Oujda-Angad,2026-09-21,27.8,18.4,0.3,13,15.6,32.4,3,34.6867,-1.9114,Light,Normal,Normal,Calm,25,0,25,0,10,13.5,Low
Tétouan,2026-09-15,29.2,21.2,0.0,0,12.2,32.0,2,35.5667,-5.3667,No Rain,Normal,Normal,Calm,0,0,25,0,10,6.0,Low
Tétouan,2026-09-16,33.6,19.4,0.0,0,26.5,61.2,2,35.5667,-5.3667,No Rain,Hot,Normal,Moderate,0,25,50,25,10,21.0,Moderate
Tétouan,2026-09-17,27.5,14.8,0.0,0,11.6,29.5,3,35.5667,-5.3667,No Rain,Normal,Normal,Calm,0,0,0,0,10,1.0,Low
Tétouan,2026-09-18,26.6,20.2,0.0,5,15.7,40.7,3,35.5667,-5.3667,No Rain,Normal,Normal,Calm,0,0,25,0,10,6.0,Low
Tétouan,2026-09-19,26.5,21.9,0.0,8,32.4,75.2,2,35.5667,-5.3667,No Rain,Normal,Normal,Moderate,0,25,75,0,10,22.25,Moderate
Tétouan,2026-09-20,25.3,22.4,0.0,0,40.4,84.2,2,35.5667,-5.3667,No Rain,Normal,Normal,Strong,0,50,75,0,10,28.5,Moderate
Tétouan,2026-09-21,25.4,21.8,0.0,0,36.8,76.3,2,35.5667,-5.3667,No Rain,Normal,Normal,Moderate,0,25,75,0,10,22.25,Moderate
Safi,2026-09-15,34.1,22.8,0.0,0,22.9,42.8,3,32.2833,-9.2333,No Rain,Hot,Normal,Moderate,0,25,25,25,10,16.0,Low
Safi,2026-09-16,27.5,20.8,0.0,0,27.5,49.7,2,32.2833,-9.2333,No Rain,Normal,Normal,Moderate,0,25,25,0,10,12.25,Low
Safi,2026-09-17,25.3,19.2,0.0,0,20.4,36.7,3,32.2833,-9.2333,No Rain,Normal,Normal,Moderate,0,25,25,0,10,12.25,Low
Safi,2026-09-18,26.4,19.5,0.0,0,22.7,40.3,2,32.2833,-9.2333,No Rain,Normal,Normal,Moderate,0,25,25,0,10,12.25,Low
Safi,2026-09-19,28.2,18.8,0.0,0,20.4,37.1,2,32.2833,-9.2333,No Rain,Normal,Normal,Moderate,0,25,25,0,10,12.25,Low
Safi,2026-09-20,30.9,21.6,0.0,0,17.0,32.0,2,32.2833,-9.2333,No Rain,Hot,Normal,Calm,0,0,25,25,10,9.75,Low
Safi,2026-09-21,26.1,19.4,0.0,0,14.6,28.4,45,32.2833,-9.2333,No Rain,Normal,Normal,Calm,0,0,0,0,20,2.0,Low
Taourirt,2026-09-15,32.7,19.0,0.0,0,23.0,37.4,3,34.41,-2.89,No Rain,Hot,Normal,Moderate,0,25,25,25,10,16.0,Low
Taourirt,2026-09-16,34.5,18.7,0.0,0,22.4,36.0,1,34.41,-2.89,No Rain,Hot,Normal,Moderate,0,25,25,25,10,16.0,Low
Taourirt,2026-09-17,29.6,19.2,0.0,8,26.2,43.6,3,34.41,-2.89,No Rain,Normal,Normal,Moderate,0,25,25,0,10,12.25,Low
Taourirt,2026-09-18,29.3,19.7,0.0,8,26.7,45.7,45,34.41,-2.89,No Rain,Normal,Normal,Moderate,0,25,25,0,20,13.25,Low
Taourirt,2026-09-19,29.6,19.1,0.0,15,29.0,55.1,3,34.41,-2.89,No Rain,Normal,Normal,Moderate,0,25,50,0,10,17.25,Low
Taourirt,2026-09-20,30.1,19.9,0.0,6,28.4,48.6,3,34.41,-2.89,No Rain,Hot,Normal,Moderate,0,25,25,25,10,16.0,Low
Taourirt,2026-09-21,30.2,19.6,0.0,3,26.3,45.0,3,34.41,-2.89,No Rain,Hot,Normal,Moderate,0,25,25,25,10,16.0,Low
Temara,2026-09-15,28.2,21.4,0.0,0,11.8,31.7,45,33.9234,-6.9076,No Rain,Normal,Normal,Calm,0,0,25,0,20,7.0,Low
Temara,2026-09-16,26.0,20.2,0.0,0,15.5,40.0,2,33.9234,-6.9076,No Rain,Normal,Normal,Calm,0,0,25,0,10,6.0,Low
Temara,2026-09-17,26.0,19.2,0.0,0,12.5,33.5,3,33.9234,-6.9076,No Rain,Normal,Normal,Calm,0,0,25,0,10,6.0,Low
Temara,2026-09-18,26.7,15.7,0.0,3,11.5,32.0,45,33.9234,-6.9076,No Rain,Normal,Normal,Calm,0,0,25,0,20,7.0,Low
Temara,2026-09-19,29.4,16.6,0.0,0,11.8,32.4,1,33.9234,-6.9076,No Rain,Normal,Normal,Calm,0,0,25,0,10,6.0,Low
Temara,2026-09-20,31.2,19.6,0.0,0,12.8,27.7,1,33.9234,-6.9076,No Rain,Hot,Normal,Calm,0,0,0,25,10,4.75,Low
Temara,2026-09-21,26.2,20.7,0.0,0,12.4,25.2,0,33.9234,-6.9076,No Rain,Normal,Normal,Calm,0,0,0,0,0,0.0,Low
Laâyoune,2026-09-15,40.1,25.2,0.0,0,26.1,50.4,0,27.15,-13.2,No Rain,Extreme Heat,Normal,Moderate,0,25,50,75,0,27.5,Moderate
Laâyoune,2026-09-16,36.4,22.1,0.0,0,26.2,50.4,0,27.15,-13.2,No Rain,Hot,Normal,Moderate,0,25,50,50,0,23.75,Moderate
Laâyoune,2026-09-17,28.6,21.5,0.0,0,30.6,58.0,3,27.15,-13.2,No Rain,Normal,Normal,Moderate,0,25,50,0,10,17.25,Low
Laâyoune,2026-09-18,28.0,19.9,0.0,2,29.3,56.9,3,27.15,-13.2,No Rain,Normal,Normal,Moderate,0,25,50,0,10,17.25,Low
Laâyoune,2026-09-19,28.7,19.8,0.0,0,25.0,50.8,3,27.15,-13.2,No Rain,Normal,Normal,Moderate,0,25,50,0,10,17.25,Low
Laâyoune,2026-09-20,33.4,18.7,0.0,0,24.1,47.5,1,27.15,-13.2,No Rain,Hot,Normal,Moderate,0,25,25,25,10,16.0,Low
Laâyoune,2026-09-21,35.3,21.0,0.0,4,26.3,50.8,1,27.15,-13.2,No Rain,Hot,Normal,Moderate,0,25,50,50,10,24.75,Moderate
El Jadid,2026-09-15,26.8,21.5,0.0,0,16.5,29.9,45,33.2566,-8.5025,No Rain,Normal,Normal,Calm,0,0,0,0,20,2.0,Low
El Jadid,2026-09-16,24.9,21.1,0.0,0,19.1,33.5,45,33.2566,-8.5025,No Rain,Normal,Normal,Calm,0,0,25,0,20,7.0,Low
El Jadid,2026-09-17,25.4,20.0,0.0,0,15.2,27.7,3,33.2566,-8.5025,No Rain,Normal,Normal,Calm,0,0,0,0,10,1.0,Low
El Jadid,2026-09-18,25.3,20.3,0.0,0,18.5,33.5,45,33.2566,-8.5025,No Rain,Normal,Normal,Calm,0,0,25,0,20,7.0,Low
El Jadid,2026-09-19,25.5,20.4,0.0,0,18.2,32.4,2,33.2566,-8.5025,No Rain,Normal,Normal,Calm,0,0,25,0,10,6.0,Low
El Jadid,2026-09-20,28.6,21.2,0.0,0,15.5,30.2,2,33.2566,-8.5025,No Rain,Normal,Normal,Calm,0,0,25,0,10,6.0,Low
El Jadid,2026-09-21,27.5,20.3,0.0,0,16.8,33.1,45,33.2566,-8.5025,No Rain,Normal,Normal,Calm,0,0,25,0,20,7.0,Low
Ait Melloul,2026-09-15,35.0,25.7,0.0,8,15.5,32.0,3,30.3342,-9.4972,No Rain,Hot,Normal,Calm,0,0,25,25,10,9.75,Low
Ait Melloul,2026-09-16,30.1,21.7,0.0,0,19.1,35.6,1,30.3342,-9.4972,No Rain,Hot,Normal,Calm,0,0,25,25,10,9.75,Low
Ait Melloul,2026-09-17,27.3,21.5,0.0,0,18.8,37.1,2,30.3342,-9.4972,No Rain,Normal,Normal,Calm,0,0,25,0,10,6.0,Low
Ait Melloul,2026-09-18,27.1,20.4,0.0,0,18.8,36.7,2,30.3342,-9.4972,No Rain,Normal,Normal,Calm,0,0,25,0,10,6.0,Low
Ait Melloul,2026-09-19,26.8,20.5,0.0,0,21.3,41.4,45,30.3342,-9.4972,No Rain,Normal,Normal,Moderate,0,25,25,0,20,13.25,Low
Ait Melloul,2026-09-20,28.7,21.2,0.0,0,15.0,30.6,2,30.3342,-9.4972,No Rain,Normal,Normal,Calm,0,0,25,0,10,6.0,Low
Ait Melloul,2026-09-21,33.5,21.6,0.0,0,12.8,27.0,45,30.3342,-9.4972,No Rain,Hot,Normal,Calm,0,0,0,25,20,5.75,Low
Béni Mellal,2026-09-15,36.6,25.9,0.1,5,20.3,42.8,3,32.3394,-6.3608,Light,Hot,Normal,Moderate,25,25,25,50,10,27.25,Moderate
Béni Mellal,2026-09-16,32.9,22.1,0.0,0,17.1,36.0,0,32.3394,-6.3608,No Rain,Hot,Normal,Calm,0,0,25,25,0,8.75,Low
Béni Mellal,2026-09-17,29.9,18.7,0.0,5,11.8,24.1,3,32.3394,-6.3608,No Rain,Normal,Normal,Calm,0,0,0,0,10,1.0,Low
Béni Mellal,2026-09-18,31.3,19.3,0.0,5,9.7,21.2,1,32.3394,-6.3608,No Rain,Hot,Normal,Calm,0,0,0,25,10,4.75,Low
Béni Mellal,2026-09-19,35.3,21.9,0.0,3,13.9,28.1,3,32.3394,-6.3608,No Rain,Hot,Normal,Calm,0,0,0,50,10,8.5,Low
Béni Mellal,2026-09-20,38.1,26.2,0.3,0,16.1,29.5,2,32.3394,-6.3608,Light,Hot,Normal,Calm,25,0,0,50,10,16.0,Low
Béni Mellal,2026-09-21,36.8,28.0,0.9,8,18.6,37.1,80,32.3394,-6.3608,Light,Hot,Normal,Calm,25,0,25,50,40,24.0,Moderate
Bouskoura,2026-09-15,32.6,21.0,0.0,0,14.9,36.7,45,33.4489,-7.6486,No Rain,Hot,Normal,Calm,0,0,25,25,20,10.75,Low
Bouskoura,2026-09-16,27.1,19.8,0.0,0,16.2,39.2,45,33.4489,-7.6486,No Rain,Normal,Normal,Calm,0,0,25,0,20,7.0,Low
Bouskoura,2026-09-17,26.9,19.1,0.0,0,15.3,37.4,3,33.4489,-7.6486,No Rain,Normal,Normal,Calm,0,0,25,0,10,6.0,Low
Bouskoura,2026-09-18,28.1,17.5,0.0,3,16.7,40.7,45,33.4489,-7.6486,No Rain,Normal,Normal,Calm,0,0,25,0,20,7.0,Low
Bouskoura,2026-09-19,30.5,18.6,0.0,0,14.0,34.9,45,33.4489,-7.6486,No Rain,Hot,Normal,Calm,0,0,25,25,20,10.75,Low
Bouskoura,2026-09-20,31.0,21.1,0.0,0,11.6,29.9,2,33.4489,-7.6486,No Rain,Hot,Normal,Calm,0,0,0,25,10,4.75,Low
Bouskoura,2026-09-21,29.5,20.8,0.0,0,13.6,36.0,2,33.4489,-7.6486,No Rain,Normal,Normal,Calm,0,0,25,0,10,6.0,Low
Tiznit,2026-09-15,36.7,26.7,0.0,0,21.3,34.2,1,29.7,-9.7269,No Rain,Hot,Normal,Moderate,0,25,25,50,10,19.75,Low
Tiznit,2026-09-16,32.5,22.1,0.0,0,22.0,35.6,2,29.7,-9.7269,No Rain,Hot,Normal,Moderate,0,25,25,25,10,16.0,Low
Tiznit,2026-09-17,23.7,19.6,0.0,0,23.7,38.5,3,29.7,-9.7269,No Rain,Normal,Normal,Moderate,0,25,25,0,10,12.25,Low
Tiznit,2026-09-18,26.5,19.6,0.0,0,19.8,32.8,3,29.7,-9.7269,No Rain,Normal,Normal,Calm,0,0,25,0,10,6.0,Low
Tiznit,2026-09-19,27.5,20.2,0.0,0,14.7,24.5,1,29.7,-9.7269,No Rain,Normal,Normal,Calm,0,0,0,0,10,1.0,Low
Tiznit,2026-09-20,25.8,20.2,0.0,0,19.0,30.6,1,29.7,-9.7269,No Rain,Normal,Normal,Calm,0,0,25,0,10,6.0,Low
Tiznit,2026-09-21,27.6,19.8,0.0,0,12.3,20.9,45,29.7,-9.7269,No Rain,Normal,Normal,Calm,0,0,0,0,20,2.0,Low
Mohammedia,2026-09-15,27.6,21.2,0.0,0,12.6,30.2,45,33.6833,-7.3833,No Rain,Normal,Normal,Calm,0,0,25,0,20,7.0,Low
Mohammedia,2026-09-16,25.7,20.8,0.0,0,15.6,37.4,2,33.6833,-7.3833,No Rain,Normal,Normal,Calm,0,0,25,0,10,6.0,Low
Mohammedia,2026-09-17,25.4,20.0,0.0,0,13.3,31.0,3,33.6833,-7.3833,No Rain,Normal,Normal,Calm,0,0,25,0,10,6.0,Low
Mohammedia,2026-09-18,25.8,17.5,0.0,5,14.6,34.2,3,33.6833,-7.3833,No Rain,Normal,Normal,Calm,0,0,25,0,10,6.0,Low
Mohammedia,2026-09-19,26.7,18.2,0.0,0,13.0,32.0,45,33.6833,-7.3833,No Rain,Normal,Normal,Calm,0,0,25,0,20,7.0,Low
Mohammedia,2026-09-20,33.9,20.3,0.0,0,16.2,30.2,2,33.6833,-7.3833,No Rain,Hot,Normal,Calm,0,0,25,25,10,9.75,Low
Mohammedia,2026-09-21,32.5,20.3,0.0,0,16.9,33.5,1,33.6833,-7.3833,No Rain,Hot,Normal,Calm,0,0,25,25,10,9.75,Low
Kouribga,2026-09-15,34.6,23.0,0.0,3,24.6,47.9,3,32.88,-6.9,No Rain,Hot,Normal,Moderate,0,25,25,25,10,16.0,Low
Kouribga,2026-09-16,31.0,17.4,0.0,0,18.9,35.6,2,32.88,-6.9,No Rain,Hot,Normal,Calm,0,0,25,25,10,9.75,Low
Kouribga,2026-09-17,28.6,13.9,0.0,0,19.2,36.0,2,32.88,-6.9,No Rain,Normal,Normal,Calm,0,0,25,0,10,6.0,Low
Kouribga,2026-09-18,29.5,15.5,0.0,10,16.9,33.5,3,32.88,-6.9,No Rain,Normal,Normal,Calm,0,0,25,0,10,6.0,Low
Kouribga,2026-09-19,33.9,17.2,0.0,4,14.4,28.1,2,32.88,-6.9,No Rain,Hot,Normal,Calm,0,0,0,25,10,4.75,Low
Kouribga,2026-09-20,35.9,22.5,0.0,5,18.4,37.8,2,32.88,-6.9,No Rain,Hot,Normal,Calm,0,0,25,50,10,13.5,Low
Kouribga,2026-09-21,34.6,21.3,0.0,5,20.0,42.5,2,32.88,-6.9,No Rain,Hot,Normal,Moderate,0,0,25,25,10,9.75,Low
Settat,2026-09-15,36.1,23.3,0.0,0,23.9,50.0,2,33.0023,-7.6198,No Rain,Hot,Normal,Moderate,0,25,25,50,10,19.75,Low
Settat,2026-09-16,29.7,19.3,0.0,0,19.0,39.2,2,33.0023,-7.6198,No Rain,Normal,Normal,Calm,0,0,25,0,10,6.0,Low
Settat,2026-09-17,28.1,17.2,0.0,0,17.5,36.7,45,33.0023,-7.6198,No Rain,Normal,Normal,Calm,0,0,25,0,20,7.0,Low
Settat,2026-09-18,30.0,16.3,0.0,3,18.4,40.0,45,33.0023,-7.6198,No Rain,Normal,Normal,Calm,0,0,25,0,20,7.0,Low
Settat,2026-09-19,34.5,16.6,0.0,3,15.1,35.6,2,33.0023,-7.6198,No Rain,Hot,Normal,Calm,0,0,25,25,10,9.75,Low
Settat,2026-09-20,37.8,22.1,0.0,3,18.7,37.4,2,33.0023,-7.6198,No Rain,Hot,Normal,Calm,0,0,25,50,10,13.5,Low
Settat,2026-09-21,34.6,21.0,0.0,3,19.4,37.8,1,33.0023,-7.6198,No Rain,Hot,Normal,Calm,0,0,25,25,10,9.75,Low
Barrechid,2026-09-15,35.7,21.4,0.0,0,21.7,39.6,2,33.27,-7.5872,No Rain,Hot,Normal,Moderate,0,25,25,50,10,19.75,Low
Barrechid,2026-09-16,29.1,19.2,0.0,0,19.7,35.3,45,33.27,-7.5872,No Rain,Normal,Normal,Calm,0,0,25,0,20,7.0,Low
Barrechid,2026-09-17,28.1,18.4,0.0,0,17.9,32.8,3,33.27,-7.5872,No Rain,Normal,Normal,Calm,0,0,25,0,10,6.0,Low
Barrechid,2026-09-18,29.6,16.3,0.0,3,18.6,34.6,45,33.27,-7.5872,No Rain,Normal,Normal,Calm,0,0,25,0,20,7.0,Low
Barrechid,2026-09-19,33.5,16.6,0.0,2,16.2,30.6,45,33.27,-7.5872,No Rain,Hot,Normal,Calm,0,0,25,25,20,10.75,Low
Barrechid,2026-09-20,36.4,21.0,0.0,3,19.2,34.9,2,33.27,-7.5872,No Rain,Hot,Normal,Calm,0,0,25,50,10,13.5,Low
Barrechid,2026-09-21,33.3,19.9,0.0,0,20.5,36.0,2,33.27,-7.5872,No Rain,Hot,Normal,Moderate,0,25,25,25,10,16.0,Low
Ad Dakhla,2026-09-15,24.3,22.4,0.0,2,34.3,42.1,1,23.7167,-15.95,No Rain,Normal,Normal,Moderate,0,25,25,0,10,12.25,Low
Ad Dakhla,2026-09-16,23.7,21.9,0.0,0,35.8,44.6,0,23.7167,-15.95,No Rain,Normal,Normal,Moderate,0,25,25,0,0,11.25,Low
Ad Dakhla,2026-09-17,22.1,20.0,0.0,0,42.1,52.9,1,23.7167,-15.95,No Rain,Normal,Normal,Strong,0,50,50,0,10,23.5,Moderate
Ad Dakhla,2026-09-18,21.1,20.1,0.0,0,40.8,52.2,0,23.7167,-15.95,No Rain,Normal,Normal,Strong,0,50,50,0,0,22.5,Moderate
Ad Dakhla,2026-09-19,20.9,19.9,0.0,0,31.5,40.3,0,23.7167,-15.95,No Rain,Normal,Normal,Moderate,0,25,25,0,0,11.25,Low
Ad Dakhla,2026-09-20,21.2,19.5,0.0,2,32.5,42.1,0,23.7167,-15.95,No Rain,Normal,Normal,Moderate,0,25,25,0,0,11.25,Low
Ad Dakhla,2026-09-21,21.6,19.1,0.0,12,29.7,40.7,0,23.7167,-15.95,No Rain,Normal,Normal,Moderate,0,25,25,0,0,11.25,Low
Nador,2026-09-15,26.7,21.7,0.0,0,11.3,26.6,3,35.1667,-2.9333,No Rain,Normal,Normal,Calm,0,0,0,0,10,1.0,Low
Nador,2026-09-16,29.8,21.7,0.0,0,10.2,26.3,2,35.1667,-2.9333,No Rain,Normal,Normal,Calm,0,0,0,0,10,1.0,Low
Nador,2026-09-17,26.0,21.4,0.2,1,13.6,30.6,3,35.1667,-2.9333,Light,Normal,Normal,Calm,25,0,25,0,10,13.5,Low
Nador,2026-09-18,25.1,22.2,0.6,8,13.3,29.9,3,35.1667,-2.9333,Light,Normal,Normal,Calm,25,0,0,0,10,8.5,Low
Nador,2026-09-19,25.1,22.4,0.6,15,22.3,47.2,3,35.1667,-2.9333,Light,Normal,Normal,Moderate,25,25,25,0,10,19.75,Low
Nador,2026-09-20,26.2,22.5,0.15,13,28.8,50.0,3,35.1667,-2.9333,Light,Normal,Normal,Moderate,25,25,25,0,10,19.75,Low
Nador,2026-09-21,26.1,22.6,0.0,5,25.0,43.9,3,35.1667,-2.9333,No Rain,Normal,Normal,Moderate,0,25,25,0,10,12.25,Low
Taza,2026-09-15,34.1,19.5,0.0,0,14.9,29.2,3,34.2144,-4.0088,No Rain,Hot,Normal,Calm,0,0,0,25,10,4.75,Low
Taza,2026-09-16,30.8,20.6,0.0,0,24.1,50.0,2,34.2144,-4.0088,No Rain,Hot,Normal,Moderate,0,25,25,25,10,16.0,Low
Taza,2026-09-17,30.3,17.6,0.0,8,11.8,25.2,3,34.2144,-4.0088,No Rain,Hot,Normal,Calm,0,0,0,25,10,4.75,Low
Taza,2026-09-18,28.8,18.6,0.0,5,17.3,36.4,3,34.2144,-4.0088,No Rain,Normal,Normal,Calm,0,0,25,0,10,6.0,Low
Taza,2026-09-19,29.2,18.7,0.0,3,25.5,53.3,3,34.2144,-4.0088,No Rain,Normal,Normal,Moderate,0,25,50,0,10,17.25,Low
Taza,2026-09-20,29.1,19.8,0.0,5,26.9,50.0,2,34.2144,-4.0088,No Rain,Normal,Normal,Moderate,0,25,25,0,10,12.25,Low
Taza,2026-09-21,28.8,20.0,0.0,5,26.9,49.3,3,34.2144,-4.0088,No Rain,Normal,Normal,Moderate,0,25,25,0,10,12.25,Low
Inezgane,2026-09-15,32.6,24.1,0.0,8,10.2,27.7,3,30.3658,-9.5381,No Rain,Hot,Normal,Calm,0,0,0,25,10,4.75,Low
Inezgane,2026-09-16,32.7,21.6,0.0,0,12.0,33.8,45,30.3658,-9.5381,No Rain,Hot,Normal,Calm,0,0,25,25,20,10.75,Low
Inezgane,2026-09-17,26.4,21.0,0.0,0,14.4,41.8,3,30.3658,-9.5381,No Rain,Normal,Normal,Calm,0,0,25,0,10,6.0,Low
Inezgane,2026-09-18,25.7,20.0,0.0,0,14.4,38.5,2,30.3658,-9.5381,No Rain,Normal,Normal,Calm,0,0,25,0,10,6.0,Low
Inezgane,2026-09-19,25.7,20.3,0.0,0,14.9,40.7,45,30.3658,-9.5381,No Rain,Normal,Normal,Calm,0,0,25,0,20,7.0,Low
Inezgane,2026-09-20,28.8,21.3,0.0,0,15.0,30.6,45,30.3658,-9.5381,No Rain,Normal,Normal,Calm,0,0,25,0,20,7.0,Low
Inezgane,2026-09-21,33.6,21.6,0.0,0,12.8,27.0,45,30.3658,-9.5381,No Rain,Hot,Normal,Calm,0,0,0,25,20,5.75,Low
Larache,2026-09-15,30.2,19.4,0.0,0,22.9,43.2,1,35.1833,-6.15,No Rain,Hot,Normal,Moderate,0,25,25,25,10,16.0,Low
Larache,2026-09-16,27.4,18.5,0.0,0,17.1,32.8,45,35.1833,-6.15,No Rain,Normal,Normal,Calm,0,0,25,0,20,7.0,Low
Larache,2026-09-17,26.5,18.6,0.0,1,16.7,31.3,3,35.1833,-6.15,No Rain,Normal,Normal,Calm,0,0,25,0,10,6.0,Low
Larache,2026-09-18,26.2,16.9,0.0,5,16.3,32.4,45,35.1833,-6.15,No Rain,Normal,Normal,Calm,0,0,25,0,20,7.0,Low
Larache,2026-09-19,35.3,16.8,0.0,8,20.8,38.2,1,35.1833,-6.15,No Rain,Hot,Normal,Moderate,0,25,25,50,10,19.75,Low
Larache,2026-09-20,36.8,21.4,0.0,1,18.4,34.9,0,35.1833,-6.15,No Rain,Hot,Normal,Calm,0,0,25,50,0,12.5,Low
Larache,2026-09-21,34.2,19.3,0.0,0,15.5,28.8,1,35.1833,-6.15,No Rain,Hot,Normal,Calm,0,0,0,25,10,4.75,Low
Al Khmissat,2026-09-15,34.6,20.4,0.0,0,18.2,36.7,0,33.81,-6.06,No Rain,Hot,Normal,Calm,0,0,25,25,0,8.75,Low
Al Khmissat,2026-09-16,30.8,18.1,0.0,0,19.2,38.9,1,33.81,-6.06,No Rain,Hot,Normal,Calm,0,0,25,25,10,9.75,Low
Al Khmissat,2026-09-17,29.0,16.1,0.0,0,14.9,31.0,3,33.81,-6.06,No Rain,Normal,Normal,Calm,0,0,25,0,10,6.0,Low
Al Khmissat,2026-09-18,30.4,15.2,0.0,8,18.3,37.1,3,33.81,-6.06,No Rain,Hot,Normal,Calm,0,0,25,25,10,9.75,Low
Al Khmissat,2026-09-19,34.6,17.7,0.0,8,12.2,27.4,1,33.81,-6.06,No Rain,Hot,Normal,Calm,0,0,0,25,10,4.75,Low
Al Khmissat,2026-09-20,37.2,21.5,0.0,1,17.8,32.8,2,33.81,-6.06,No Rain,Hot,Normal,Calm,0,0,25,50,10,13.5,Low
Al Khmissat,2026-09-21,35.4,20.0,0.0,0,13.5,25.2,1,33.81,-6.06,No Rain,Hot,Normal,Calm,0,0,0,50,10,8.5,Low
Guelmim,2026-09-15,38.5,25.3,0.0,0,25.6,41.4,0,28.9833,-10.0667,No Rain,Hot,Normal,Moderate,0,25,25,50,0,18.75,Low
Guelmim,2026-09-16,36.6,21.1,0.0,0,32.1,52.9,0,28.9833,-10.0667,No Rain,Hot,Normal,Moderate,0,25,50,50,0,23.75,Moderate
Guelmim,2026-09-17,24.8,18.5,0.0,0,29.0,48.2,3,28.9833,-10.0667,No Rain,Normal,Normal,Moderate,0,25,25,0,10,12.25,Low
Guelmim,2026-09-18,26.3,18.3,0.0,0,23.8,41.8,2,28.9833,-10.0667,No Rain,Normal,Normal,Moderate,0,25,25,0,10,12.25,Low
Guelmim,2026-09-19,28.0,18.4,0.0,0,19.5,37.1,3,28.9833,-10.0667,No Rain,Normal,Normal,Calm,0,0,25,0,10,6.0,Low
Guelmim,2026-09-20,34.9,15.8,0.0,0,17.9,34.9,3,28.9833,-10.0667,No Rain,Hot,Normal,Calm,0,0,25,25,10,9.75,Low
Guelmim,2026-09-21,37.7,22.9,0.0,6,24.7,41.4,0,28.9833,-10.0667,No Rain,Hot,Normal,Moderate,0,25,25,50,0,18.75,Low
Ksar El Kebir,2026-09-15,35.7,20.9,0.0,0,23.9,46.1,45,35.0,-5.9,No Rain,Hot,Normal,Moderate,0,25,25,50,20,20.75,Moderate
Ksar El Kebir,2026-09-16,30.3,20.0,0.0,0,17.3,34.2,3,35.0,-5.9,No Rain,Hot,Normal,Calm,0,0,25,25,10,9.75,Low
Ksar El Kebir,2026-09-17,30.0,19.3,0.0,1,18.9,36.4,3,35.0,-5.9,No Rain,Normal,Normal,Calm,0,0,25,0,10,6.0,Low
Ksar El Kebir,2026-09-18,31.0,17.2,0.0,5,18.3,36.0,45,35.0,-5.9,No Rain,Hot,Normal,Calm,0,0,25,25,20,10.75,Low
Ksar El Kebir,2026-09-19,36.3,18.6,0.0,5,9.7,20.5,1,35.0,-5.9,No Rain,Hot,Normal,Calm,0,0,0,50,10,8.5,Low
Ksar El Kebir,2026-09-20,37.9,21.2,0.0,3,15.8,31.7,0,35.0,-5.9,No Rain,Hot,Normal,Calm,0,0,25,50,0,12.5,Low
Ksar El Kebir,2026-09-21,36.3,21.3,0.0,0,13.9,25.6,1,35.0,-5.9,No Rain,Hot,Normal,Calm,0,0,0,50,10,8.5,Low
Khénifra,2026-09-15,35.2,20.1,0.0,3,20.0,39.2,3,32.93,-5.66,No Rain,Hot,Normal,Moderate,0,0,25,50,10,13.5,Low
Khénifra,2026-09-16,31.4,16.3,0.0,0,15.1,29.2,1,32.93,-5.66,No Rain,Hot,Normal,Calm,0,0,0,25,10,4.75,Low
Khénifra,2026-09-17,31.2,15.8,0.0,15,18.1,34.2,3,32.93,-5.66,No Rain,Hot,Normal,Calm,0,0,25,25,10,9.75,Low
Khénifra,2026-09-18,31.2,15.2,0.0,13,14.4,27.7,3,32.93,-5.66,No Rain,Hot,Normal,Calm,0,0,0,25,10,4.75,Low
Khénifra,2026-09-19,34.0,17.9,0.0,6,15.5,29.9,2,32.93,-5.66,No Rain,Hot,Normal,Calm,0,0,0,25,10,4.75,Low
Khénifra,2026-09-20,35.9,20.8,0.0,5,14.9,38.9,2,32.93,-5.66,No Rain,Hot,Normal,Calm,0,0,25,50,10,13.5,Low
Khénifra,2026-09-21,35.0,21.4,0.0,5,21.0,41.0,2,32.93,-5.66,No Rain,Hot,Normal,Moderate,0,25,25,25,10,16.0,Low
Skhirate,2026-09-15,26.7,21.2,0.0,0,12.5,28.1,45,33.85,-7.03,No Rain,Normal,Normal,Calm,0,0,0,0,20,2.0,Low
Skhirate,2026-09-16,25.1,20.5,0.0,0,16.2,36.0,2,33.85,-7.03,No Rain,Normal,Normal,Calm,0,0,25,0,10,6.0,Low
Skhirate,2026-09-17,24.9,19.4,0.0,0,13.2,29.5,3,33.85,-7.03,No Rain,Normal,Normal,Calm,0,0,0,0,10,1.0,Low
Skhirate,2026-09-18,25.2,16.8,0.0,3,12.9,30.2,3,33.85,-7.03,No Rain,Normal,Normal,Calm,0,0,25,0,10,6.0,Low
Skhirate,2026-09-19,27.1,17.2,0.0,0,12.8,28.4,2,33.85,-7.03,No Rain,Normal,Normal,Calm,0,0,0,0,10,1.0,Low
Skhirate,2026-09-20,31.3,19.7,0.0,0,12.8,27.7,1,33.85,-7.03,No Rain,Hot,Normal,Calm,0,0,0,25,10,4.75,Low
Skhirate,2026-09-21,26.3,20.8,0.0,0,12.4,25.2,0,33.85,-7.03,No Rain,Normal,Normal,Calm,0,0,0,0,0,0.0,Low
Beni Yakhlef,2026-09-15,30.6,20.2,0.0,0,17.1,31.7,45,33.6555,-7.3221,No Rain,Hot,Normal,Calm,0,0,25,25,20,10.75,Low
Beni Yakhlef,2026-09-16,27.0,19.5,0.0,0,19.1,34.9,45,33.6555,-7.3221,No Rain,Normal,Normal,Calm,0,0,25,0,20,7.0,Low
Beni Yakhlef,2026-09-17,26.7,19.0,0.0,0,17.2,31.7,3,33.6555,-7.3221,No Rain,Normal,Normal,Calm,0,0,25,0,10,6.0,Low
Beni Yakhlef,2026-09-18,27.7,16.0,0.0,5,18.0,32.8,45,33.6555,-7.3221,No Rain,Normal,Normal,Calm,0,0,25,0,20,7.0,Low
Beni Yakhlef,2026-09-19,29.6,16.7,0.0,0,16.6,31.0,45,33.6555,-7.3221,No Rain,Normal,Normal,Calm,0,0,25,0,20,7.0,Low
Beni Yakhlef,2026-09-20,33.4,20.2,0.0,0,16.2,30.2,2,33.6555,-7.3221,No Rain,Hot,Normal,Calm,0,0,25,25,10,9.75,Low
Beni Yakhlef,2026-09-21,31.9,19.8,0.0,0,16.9,33.5,1,33.6555,-7.3221,No Rain,Hot,Normal,Calm,0,0,25,25,10,9.75,Low
Sidi Yahya Zaer,2026-09-15,32.6,20.7,0.0,0,18.5,37.4,0,33.7105,-6.8831,No Rain,Hot,Normal,Calm,0,0,25,25,0,8.75,Low
Sidi Yahya Zaer,2026-09-16,27.9,18.5,0.0,0,20.8,41.4,2,33.7105,-6.8831,No Rain,Normal,Normal,Moderate,0,25,25,0,10,12.25,Low
Sidi Yahya Zaer,2026-09-17,27.3,16.1,0.0,0,17.4,35.3,45,33.7105,-6.8831,No Rain,Normal,Normal,Calm,0,0,25,0,20,7.0,Low
Sidi Yahya Zaer,2026-09-18,28.8,14.6,0.0,3,16.4,33.8,45,33.7105,-6.8831,No Rain,Normal,Normal,Calm,0,0,25,0,20,7.0,Low
Sidi Yahya Zaer,2026-09-19,32.9,16.5,0.0,2,15.4,33.1,1,33.7105,-6.8831,No Rain,Hot,Normal,Calm,0,0,25,25,10,9.75,Low
Sidi Yahya Zaer,2026-09-20,36.6,20.1,0.0,3,17.0,33.8,2,33.7105,-6.8831,No Rain,Hot,Normal,Calm,0,0,25,50,10,13.5,Low
Sidi Yahya Zaer,2026-09-21,32.3,18.5,0.0,0,15.5,31.7,1,33.7105,-6.8831,No Rain,Hot,Normal,Calm,0,0,25,25,10,9.75,Low
Ben Guerir,2026-09-15,37.2,24.5,0.0,3,23.1,46.1,3,32.23,-7.95,No Rain,Hot,Normal,Moderate,0,25,25,50,10,19.75,Low
Ben Guerir,2026-09-16,32.4,19.6,0.0,0,20.2,40.0,1,32.23,-7.95,No Rain,Hot,Normal,Moderate,0,25,25,25,10,16.0,Low
Ben Guerir,2026-09-17,29.1,16.7,0.0,0,15.7,32.0,3,32.23,-7.95,No Rain,Normal,Normal,Calm,0,0,25,0,10,6.0,Low
Ben Guerir,2026-09-18,30.9,16.7,0.0,8,15.8,32.8,3,32.23,-7.95,No Rain,Hot,Normal,Calm,0,0,25,25,10,9.75,Low
Ben Guerir,2026-09-19,35.0,18.0,0.0,4,15.2,31.7,2,32.23,-7.95,No Rain,Hot,Normal,Calm,0,0,25,25,10,9.75,Low
Ben Guerir,2026-09-20,38.6,24.8,0.0,0,16.7,34.6,2,32.23,-7.95,No Rain,Hot,Normal,Calm,0,0,25,50,10,13.5,Low
Ben Guerir,2026-09-21,34.3,23.5,0.0,3,19.4,35.3,2,32.23,-7.95,No Rain,Hot,Normal,Calm,0,0,25,25,10,9.75,Low
Ait Ali,2026-09-15,36.5,25.5,0.0,0,20.2,33.8,3,30.1739,-9.4881,No Rain,Hot,Normal,Moderate,0,25,25,50,10,19.75,Low
Ait Ali,2026-09-16,31.6,22.4,0.0,0,24.9,40.0,1,30.1739,-9.4881,No Rain,Hot,Normal,Moderate,0,25,25,25,10,16.0,Low
Ait Ali,2026-09-17,27.4,20.9,0.0,0,27.0,43.6,3,30.1739,-9.4881,No Rain,Normal,Normal,Moderate,0,25,25,0,10,12.25,Low
Ait Ali,2026-09-18,27.3,20.0,0.0,0,22.0,37.8,2,30.1739,-9.4881,No Rain,Normal,Normal,Moderate,0,25,25,0,10,12.25,Low
Ait Ali,2026-09-19,27.0,20.3,0.0,0,21.6,36.0,2,30.1739,-9.4881,No Rain,Normal,Normal,Moderate,0,25,25,0,10,12.25,Low
Ait Ali,2026-09-20,27.3,20.8,0.0,0,19.7,33.8,45,30.1739,-9.4881,No Rain,Normal,Normal,Calm,0,0,25,0,20,7.0,Low
Ait Ali,2026-09-21,29.7,20.8,0.0,0,16.6,28.8,45,30.1739,-9.4881,No Rain,Normal,Normal,Calm,0,0,0,0,20,2.0,Low
My Drarga,2026-09-15,35.1,25.5,0.0,8,12.2,28.4,3,30.3805,-9.4763,No Rain,Hot,Normal,Calm,0,0,0,50,10,8.5,Low
My Drarga,2026-09-16,32.1,22.6,0.0,0,15.3,36.0,45,30.3805,-9.4763,No Rain,Hot,Normal,Calm,0,0,25,25,20,10.75,Low
My Drarga,2026-09-17,27.3,20.9,0.0,0,19.9,44.3,3,30.3805,-9.4763,No Rain,Normal,Normal,Calm,0,0,25,0,10,6.0,Low
My Drarga,2026-09-18,27.2,20.0,0.0,0,17.4,37.4,2,30.3805,-9.4763,No Rain,Normal,Normal,Calm,0,0,25,0,10,6.0,Low
My Drarga,2026-09-19,27.4,20.6,0.0,0,17.8,37.1,45,30.3805,-9.4763,No Rain,Normal,Normal,Calm,0,0,25,0,20,7.0,Low
My Drarga,2026-09-20,28.6,21.1,0.0,0,15.0,30.6,45,30.3805,-9.4763,No Rain,Normal,Normal,Calm,0,0,25,0,20,7.0,Low
My Drarga,2026-09-21,33.4,21.5,0.0,0,12.8,27.0,45,30.3805,-9.4763,No Rain,Hot,Normal,Calm,0,0,0,25,20,5.75,Low
Lqoliaa,2026-09-15,36.5,25.8,0.0,3,15.9,36.0,3,30.2942,-9.4544,No Rain,Hot,Normal,Calm,0,0,25,50,10,13.5,Low
Lqoliaa,2026-09-16,31.6,21.7,0.0,0,22.3,43.9,1,30.2942,-9.4544,No Rain,Hot,Normal,Moderate,0,25,25,25,10,16.0,Low
Lqoliaa,2026-09-17,28.1,21.2,0.0,0,20.0,42.8,3,30.2942,-9.4544,No Rain,Normal,Normal,Moderate,0,0,25,0,10,6.0,Low
Lqoliaa,2026-09-18,28.0,20.1,0.0,3,19.8,43.2,1,30.2942,-9.4544,No Rain,Normal,Normal,Calm,0,0,25,0,10,6.0,Low
Lqoliaa,2026-09-19,27.8,20.2,0.0,3,22.4,47.9,45,30.2942,-9.4544,No Rain,Normal,Normal,Moderate,0,25,25,0,20,13.25,Low
Lqoliaa,2026-09-20,26.7,20.5,0.0,0,18.9,41.8,2,30.2942,-9.4544,No Rain,Normal,Normal,Calm,0,0,25,0,10,6.0,Low
Lqoliaa,2026-09-21,29.0,20.4,0.0,0,15.8,35.6,45,30.2942,-9.4544,No Rain,Normal,Normal,Calm,0,0,25,0,20,7.0,Low
El Kelaa des Srarhna,2026-09-15,38.2,25.6,0.1,3,19.4,33.8,3,32.05,-7.4,Light,Hot,Normal,Calm,25,0,25,50,10,21.0,Moderate
El Kelaa des Srarhna,2026-09-16,34.2,20.8,0.0,0,19.3,33.5,0,32.05,-7.4,No Rain,Hot,Normal,Calm,0,0,25,25,0,8.75,Low
El Kelaa des Srarhna,2026-09-17,30.2,17.1,0.0,3,15.3,26.6,3,32.05,-7.4,No Rain,Hot,Normal,Calm,0,0,0,25,10,4.75,Low
El Kelaa des Srarhna,2026-09-18,31.6,18.2,0.0,5,15.0,25.9,1,32.05,-7.4,No Rain,Hot,Normal,Calm,0,0,0,25,10,4.75,Low
El Kelaa des Srarhna,2026-09-19,36.2,19.6,0.0,8,14.8,26.6,2,32.05,-7.4,No Rain,Hot,Normal,Calm,0,0,0,50,10,8.5,Low
El Kelaa des Srarhna,2026-09-20,37.8,23.5,0.6,1,11.4,23.8,2,32.05,-7.4,Light,Hot,Normal,Calm,25,0,0,50,10,16.0,Low
El Kelaa des Srarhna,2026-09-21,35.6,21.9,0.6,8,11.9,23.0,3,32.05,-7.4,Light,Hot,Normal,Calm,25,0,0,50,10,16.0,Low
Moulay Abdallah,2026-09-15,28.9,21.7,0.0,0,20.4,32.0,45,33.1978,-8.5883,No Rain,Normal,Normal,Moderate,0,25,25,0,20,13.25,Low
Moulay Abdallah,2026-09-16,25.9,21.2,0.0,0,21.2,33.5,45,33.1978,-8.5883,No Rain,Normal,Normal,Moderate,0,25,25,0,20,13.25,Low
Moulay Abdallah,2026-09-17,26.5,19.6,0.0,0,18.9,29.5,3,33.1978,-8.5883,No Rain,Normal,Normal,Calm,0,0,0,0,10,1.0,Low
Moulay Abdallah,2026-09-18,26.5,20.3,0.0,0,21.0,34.9,3,33.1978,-8.5883,No Rain,Normal,Normal,Moderate,0,25,25,0,10,12.25,Low
Moulay Abdallah,2026-09-19,27.3,20.5,0.0,0,19.6,31.7,2,33.1978,-8.5883,No Rain,Normal,Normal,Calm,0,0,25,0,10,6.0,Low
Moulay Abdallah,2026-09-20,30.2,21.1,0.0,0,16.5,31.3,2,33.1978,-8.5883,No Rain,Hot,Normal,Calm,0,0,25,25,10,9.75,Low
Moulay Abdallah,2026-09-21,26.7,20.2,0.0,0,15.9,30.6,45,33.1978,-8.5883,No Rain,Normal,Normal,Calm,0,0,25,0,20,7.0,Low
Tiflet,2026-09-15,33.6,22.2,0.0,0,18.3,36.4,0,33.9,-6.33,No Rain,Hot,Normal,Calm,0,0,25,25,0,8.75,Low
Tiflet,2026-09-16,29.3,19.0,0.0,0,19.8,40.0,2,33.9,-6.33,No Rain,Normal,Normal,Calm,0,0,25,0,10,6.0,Low
Tiflet,2026-09-17,28.4,16.1,0.0,0,15.3,31.7,45,33.9,-6.33,No Rain,Normal,Normal,Calm,0,0,25,0,20,7.0,Low
Tiflet,2026-09-18,30.3,15.8,0.0,5,15.1,35.3,3,33.9,-6.33,No Rain,Hot,Normal,Calm,0,0,25,25,10,9.75,Low
Tiflet,2026-09-19,34.6,18.1,0.0,3,11.6,24.5,2,33.9,-6.33,No Rain,Hot,Normal,Calm,0,0,0,25,10,4.75,Low
Tiflet,2026-09-20,37.5,21.6,0.0,0,14.8,31.3,2,33.9,-6.33,No Rain,Hot,Normal,Calm,0,0,25,50,10,13.5,Low
Tiflet,2026-09-21,35.9,20.5,0.0,0,16.1,32.4,0,33.9,-6.33,No Rain,Hot,Normal,Calm,0,0,25,50,0,12.5,Low
Oulad Teïma,2026-09-15,39.6,26.3,0.0,3,19.7,37.8,3,30.4,-9.21,No Rain,Hot,Normal,Calm,0,0,25,50,10,13.5,Low
Oulad Teïma,2026-09-16,35.3,22.1,0.0,0,21.2,40.3,2,30.4,-9.21,No Rain,Hot,Normal,Moderate,0,25,25,50,10,19.75,Low
Oulad Teïma,2026-09-17,29.8,20.2,0.0,0,27.2,51.1,3,30.4,-9.21,No Rain,Normal,Normal,Moderate,0,25,50,0,10,17.25,Low
Oulad Teïma,2026-09-18,29.9,19.3,0.0,0,22.5,43.6,1,30.4,-9.21,No Rain,Normal,Normal,Moderate,0,25,25,0,10,12.25,Low
Oulad Teïma,2026-09-19,31.4,20.0,0.0,3,26.2,49.7,2,30.4,-9.21,No Rain,Hot,Normal,Moderate,0,25,25,25,10,16.0,Low
Oulad Teïma,2026-09-20,28.1,20.4,0.0,2,27.7,49.3,2,30.4,-9.21,No Rain,Normal,Normal,Moderate,0,25,25,0,10,12.25,Low
Oulad Teïma,2026-09-21,32.7,19.7,0.0,0,22.6,41.4,45,30.4,-9.21,No Rain,Hot,Normal,Moderate,0,25,25,25,20,17.0,Low
Berkane,2026-09-15,27.3,17.8,0.0,0,12.8,27.4,2,34.9167,-2.3167,No Rain,Normal,Normal,Calm,0,0,0,0,10,1.0,Low
Berkane,2026-09-16,31.6,17.3,0.0,0,13.2,33.1,1,34.9167,-2.3167,No Rain,Hot,Normal,Calm,0,0,25,25,10,9.75,Low
Berkane,2026-09-17,26.0,18.5,0.0,3,14.3,30.6,3,34.9167,-2.3167,No Rain,Normal,Normal,Calm,0,0,25,0,10,6.0,Low
Berkane,2026-09-18,26.2,19.4,0.0,8,16.0,34.2,3,34.9167,-2.3167,No Rain,Normal,Normal,Calm,0,0,25,0,10,6.0,Low
Berkane,2026-09-19,26.5,18.6,0.0,13,23.7,47.5,45,34.9167,-2.3167,No Rain,Normal,Normal,Moderate,0,25,25,0,20,13.25,Low
Berkane,2026-09-20,26.2,19.5,0.0,8,16.6,31.3,45,34.9167,-2.3167,No Rain,Normal,Normal,Calm,0,0,25,0,20,7.0,Low
Berkane,2026-09-21,26.4,18.8,0.0,5,13.9,27.4,45,34.9167,-2.3167,No Rain,Normal,Normal,Calm,0,0,0,0,20,2.0,Low
Ain El Aouda,2026-09-15,31.7,20.0,0.0,0,17.6,34.6,0,33.8111,-6.7922,No Rain,Hot,Normal,Calm,0,0,25,25,0,8.75,Low
Ain El Aouda,2026-09-16,27.4,18.6,0.0,0,20.6,40.7,2,33.8111,-6.7922,No Rain,Normal,Normal,Moderate,0,25,25,0,10,12.25,Low
Ain El Aouda,2026-09-17,27.4,16.7,0.0,0,16.5,32.4,3,33.8111,-6.7922,No Rain,Normal,Normal,Calm,0,0,25,0,10,6.0,Low
Ain El Aouda,2026-09-18,28.8,14.6,0.0,3,15.0,31.7,45,33.8111,-6.7922,No Rain,Normal,Normal,Calm,0,0,25,0,20,7.0,Low
Ain El Aouda,2026-09-19,32.6,15.3,0.0,2,15.1,32.4,45,33.8111,-6.7922,No Rain,Hot,Normal,Calm,0,0,25,25,20,10.75,Low
Ain El Aouda,2026-09-20,38.3,19.4,0.0,3,15.6,29.9,1,33.8111,-6.7922,No Rain,Hot,Normal,Calm,0,0,0,50,10,8.5,Low
Ain El Aouda,2026-09-21,33.3,19.5,0.0,0,16.1,31.0,0,33.8111,-6.7922,No Rain,Hot,Normal,Calm,0,0,25,25,0,8.75,Low
Errachidia,2026-09-15,34.7,24.3,0.3,23,30.4,60.5,61,31.9319,-4.4244,Light,Hot,Normal,Moderate,25,25,50,25,40,31.5,Moderate
Errachidia,2026-09-16,32.9,21.1,0.0,3,20.9,41.0,1,31.9319,-4.4244,No Rain,Hot,Normal,Moderate,0,25,25,25,10,16.0,Low
Errachidia,2026-09-17,31.3,21.6,0.6,30,15.6,32.0,80,31.9319,-4.4244,Light,Hot,Normal,Calm,28,0,25,25,40,21.15,Moderate
Errachidia,2026-09-18,31.8,20.8,0.0,30,20.6,40.3,3,31.9319,-4.4244,No Rain,Hot,Normal,Moderate,0,25,25,25,10,16.0,Low
Errachidia,2026-09-19,31.5,22.4,0.0,29,15.8,29.9,3,31.9319,-4.4244,No Rain,Hot,Normal,Calm,0,0,0,25,10,4.75,Low
Errachidia,2026-09-20,33.1,22.1,0.3,14,25.4,43.6,3,31.9319,-4.4244,Light,Hot,Normal,Moderate,25,25,25,25,10,23.5,Moderate
Errachidia,2026-09-21,30.6,21.0,0.9,15,13.1,28.8,3,31.9319,-4.4244,Light,Hot,Normal,Calm,25,0,0,25,10,12.25,Low
Al Fqih Ben Çalah,2026-09-15,39.3,22.6,0.0,3,19.3,37.1,2,32.507,-6.6886,No Rain,Hot,Normal,Calm,0,0,25,50,10,13.5,Low
Al Fqih Ben Çalah,2026-09-16,35.4,19.3,0.0,0,17.7,34.6,0,32.507,-6.6886,No Rain,Hot,Normal,Calm,0,0,25,50,0,12.5,Low
Al Fqih Ben Çalah,2026-09-17,32.4,16.4,0.0,3,13.7,25.9,3,32.507,-6.6886,No Rain,Hot,Normal,Calm,0,0,0,25,10,4.75,Low
Al Fqih Ben Çalah,2026-09-18,33.7,17.0,0.0,10,11.2,22.7,2,32.507,-6.6886,No Rain,Hot,Normal,Calm,0,0,0,25,10,4.75,Low
Al Fqih Ben Çalah,2026-09-19,37.7,19.9,0.0,5,11.1,22.3,3,32.507,-6.6886,No Rain,Hot,Normal,Calm,0,0,0,50,10,8.5,Low
Al Fqih Ben Çalah,2026-09-20,40.1,24.2,0.3,1,11.0,19.4,3,32.507,-6.6886,Light,Extreme Heat,Normal,Calm,25,0,0,75,10,19.75,Low
Al Fqih Ben Çalah,2026-09-21,38.2,22.0,1.2,3,13.7,24.5,80,32.507,-6.6886,Light,Hot,Normal,Calm,25,0,0,50,40,19.0,Low
Ad Darwa,2026-09-15,33.2,21.0,0.0,0,16.7,32.4,2,33.4167,-7.5333,No Rain,Hot,Normal,Calm,0,0,25,25,10,9.75,Low
Ad Darwa,2026-09-16,27.8,19.5,0.0,0,17.5,33.8,45,33.4167,-7.5333,No Rain,Normal,Normal,Calm,0,0,25,0,20,7.0,Low
Ad Darwa,2026-09-17,27.4,18.8,0.0,0,16.3,31.7,3,33.4167,-7.5333,No Rain,Normal,Normal,Calm,0,0,25,0,10,6.0,Low
Ad Darwa,2026-09-18,28.6,17.0,0.0,3,17.4,33.8,3,33.4167,-7.5333,No Rain,Normal,Normal,Calm,0,0,25,0,10,6.0,Low
Ad Darwa,2026-09-19,31.0,18.0,0.0,0,15.1,29.9,45,33.4167,-7.5333,No Rain,Hot,Normal,Calm,0,0,0,25,20,5.75,Low
Ad Darwa,2026-09-20,36.3,21.3,0.0,0,18.4,35.3,2,33.4167,-7.5333,No Rain,Hot,Normal,Calm,0,0,25,50,10,13.5,Low
Ad Darwa,2026-09-21,33.7,20.5,0.0,0,19.0,35.6,2,33.4167,-7.5333,No Rain,Hot,Normal,Calm,0,0,25,25,10,9.75,Low
Martil,2026-09-15,26.7,21.7,0.0,0,10.1,24.5,2,35.61,-5.27,No Rain,Normal,Normal,Calm,0,0,0,0,10,1.0,Low
Martil,2026-09-16,32.9,20.7,0.0,0,28.9,65.2,1,35.61,-5.27,No Rain,Hot,Normal,Moderate,0,25,50,25,10,21.0,Moderate
Martil,2026-09-17,25.5,17.0,0.0,0,14.7,33.1,3,35.61,-5.27,No Rain,Normal,Normal,Calm,0,0,25,0,10,6.0,Low
Martil,2026-09-18,25.0,20.7,0.0,5,16.3,36.0,3,35.61,-5.27,No Rain,Normal,Normal,Calm,0,0,25,0,10,6.0,Low
Martil,2026-09-19,24.8,22.1,1.2,29,26.0,57.6,2,35.61,-5.27,Light,Normal,Normal,Moderate,25,25,50,0,10,24.75,Moderate
Martil,2026-09-20,24.5,22.6,0.15,17,38.8,68.0,80,35.61,-5.27,Light,Normal,Normal,Moderate,25,25,50,0,40,27.75,Moderate
Martil,2026-09-21,24.7,22.3,0.0,0,34.7,63.0,3,35.61,-5.27,No Rain,Normal,Normal,Moderate,0,25,50,0,10,17.25,Low
Sidi Slimane,2026-09-15,34.8,21.0,0.0,0,18.1,37.8,1,34.26,-5.93,No Rain,Hot,Normal,Calm,0,0,25,25,10,9.75,Low
Sidi Slimane,2026-09-16,31.1,20.3,0.0,0,20.5,43.6,2,34.26,-5.93,No Rain,Hot,Normal,Moderate,0,25,25,25,10,16.0,Low
Sidi Slimane,2026-09-17,30.1,18.9,0.0,0,15.5,33.1,3,34.26,-5.93,No Rain,Hot,Normal,Calm,0,0,25,25,10,9.75,Low
Sidi Slimane,2026-09-18,32.4,15.8,0.0,10,15.0,37.1,45,34.26,-5.93,No Rain,Hot,Normal,Calm,0,0,25,25,20,10.75,Low
Sidi Slimane,2026-09-19,37.0,18.7,0.0,0,16.2,36.0,1,34.26,-5.93,No Rain,Hot,Normal,Calm,0,0,25,50,10,13.5,Low
Sidi Slimane,2026-09-20,37.9,23.3,0.0,0,24.2,46.1,0,34.26,-5.93,No Rain,Hot,Normal,Moderate,0,25,25,50,0,18.75,Low
Sidi Slimane,2026-09-21,36.9,23.3,0.0,0,19.9,36.7,1,34.26,-5.93,No Rain,Hot,Normal,Calm,0,0,25,50,10,13.5,Low
Oued Zem,2026-09-15,35.4,22.9,0.0,0,22.6,44.6,3,32.8619,-6.5711,No Rain,Hot,Normal,Moderate,0,25,25,50,10,19.75,Low
Oued Zem,2026-09-16,31.7,18.1,0.0,0,17.1,34.9,1,32.8619,-6.5711,No Rain,Hot,Normal,Calm,0,0,25,25,10,9.75,Low
Oued Zem,2026-09-17,30.4,15.7,0.0,3,19.5,38.9,2,32.8619,-6.5711,No Rain,Hot,Normal,Calm,0,0,25,25,10,9.75,Low
Oued Zem,2026-09-18,30.3,16.3,0.0,10,16.1,34.9,2,32.8619,-6.5711,No Rain,Hot,Normal,Calm,0,0,25,25,10,9.75,Low
Oued Zem,2026-09-19,34.5,17.8,0.0,6,13.0,29.9,3,32.8619,-6.5711,No Rain,Hot,Normal,Calm,0,0,0,25,10,4.75,Low
Oued Zem,2026-09-20,36.2,23.6,0.0,3,19.7,37.4,2,32.8619,-6.5711,No Rain,Hot,Normal,Calm,0,0,25,50,10,13.5,Low
Oued Zem,2026-09-21,35.1,22.2,0.0,5,20.0,38.9,2,32.8619,-6.5711,No Rain,Hot,Normal,Moderate,0,0,25,50,10,13.5,Low
Sefrou,2026-09-15,32.6,23.6,0.0,0,17.9,38.5,2,33.83,-4.83,No Rain,Hot,Normal,Calm,0,0,25,25,10,9.75,Low
Sefrou,2026-09-16,29.1,19.4,0.0,0,17.3,37.8,1,33.83,-4.83,No Rain,Normal,Normal,Calm,0,0,25,0,10,6.0,Low
Sefrou,2026-09-17,26.5,17.5,0.0,10,16.3,35.6,3,33.83,-4.83,No Rain,Normal,Normal,Calm,0,0,25,0,10,6.0,Low
Sefrou,2026-09-18,27.6,17.2,0.0,13,15.0,32.8,3,33.83,-4.83,No Rain,Normal,Normal,Calm,0,0,25,0,10,6.0,Low
Sefrou,2026-09-19,30.5,19.5,0.0,3,19.2,41.4,1,33.83,-4.83,No Rain,Hot,Normal,Calm,0,0,25,25,10,9.75,Low
Sefrou,2026-09-20,31.5,19.0,0.0,8,20.7,39.6,2,33.83,-4.83,No Rain,Hot,Normal,Moderate,0,25,25,25,10,16.0,Low
Sefrou,2026-09-21,31.2,16.5,0.0,14,14.8,29.2,0,33.83,-4.83,No Rain,Hot,Normal,Calm,0,0,0,25,0,3.75,Low
Taroudannt,2026-09-15,40.9,27.7,0.0,10,20.8,43.6,3,30.4711,-8.8778,No Rain,Extreme Heat,Normal,Moderate,0,25,25,75,10,23.5,Moderate
Taroudannt,2026-09-16,37.0,24.1,0.0,0,22.4,45.4,1,30.4711,-8.8778,No Rain,Hot,Normal,Moderate,0,25,25,50,10,19.75,Low
Taroudannt,2026-09-17,30.6,19.4,0.0,0,25.8,51.1,3,30.4711,-8.8778,No Rain,Hot,Normal,Moderate,0,25,50,25,10,21.0,Moderate
Taroudannt,2026-09-18,31.5,18.9,0.0,5,20.8,43.2,3,30.4711,-8.8778,No Rain,Hot,Normal,Moderate,0,25,25,25,10,16.0,Low
Taroudannt,2026-09-19,35.2,21.8,0.0,3,23.3,47.9,2,30.4711,-8.8778,No Rain,Hot,Normal,Moderate,0,25,25,50,10,19.75,Low
Taroudannt,2026-09-20,31.3,22.9,0.0,2,25.6,46.4,2,30.4711,-8.8778,No Rain,Hot,Normal,Moderate,0,25,25,25,10,16.0,Low
Taroudannt,2026-09-21,36.7,20.7,0.0,0,24.8,47.5,1,30.4711,-8.8778,No Rain,Hot,Normal,Moderate,0,25,25,50,10,19.75,Low
Essaouira,2026-09-15,27.6,22.7,0.0,3,24.6,46.1,3,31.513,-9.7687,No Rain,Normal,Normal,Moderate,0,25,25,0,10,12.25,Low
Essaouira,2026-09-16,25.3,20.2,0.0,0,36.3,67.0,1,31.513,-9.7687,No Rain,Normal,Normal,Moderate,0,25,50,0,10,17.25,Low
Essaouira,2026-09-17,24.3,19.2,0.0,0,29.2,53.6,2,31.513,-9.7687,No Rain,Normal,Normal,Moderate,0,25,50,0,10,17.25,Low
Essaouira,2026-09-18,24.7,19.1,0.0,0,29.2,53.3,1,31.513,-9.7687,No Rain,Normal,Normal,Moderate,0,25,50,0,10,17.25,Low
Essaouira,2026-09-19,25.0,18.8,0.0,0,24.8,45.0,2,31.513,-9.7687,No Rain,Normal,Normal,Moderate,0,25,25,0,10,12.25,Low
Essaouira,2026-09-20,27.2,19.8,0.0,0,16.1,30.2,2,31.513,-9.7687,No Rain,Normal,Normal,Calm,0,0,25,0,10,6.0,Low
Essaouira,2026-09-21,27.4,19.4,0.0,0,11.5,22.0,45,31.513,-9.7687,No Rain,Normal,Normal,Calm,0,0,0,0,20,2.0,Low
Azrou,2026-09-15,29.7,18.3,0.0,0,19.6,42.1,2,33.4344,-5.2213,No Rain,Normal,Normal,Calm,0,0,25,0,10,6.0,Low
Azrou,2026-09-16,26.1,14.3,0.0,0,16.4,39.2,1,33.4344,-5.2213,No Rain,Normal,Normal,Calm,0,0,25,0,10,6.0,Low
Azrou,2026-09-17,25.9,15.1,0.0,23,17.2,37.4,3,33.4344,-5.2213,No Rain,Normal,Normal,Calm,0,0,25,0,10,6.0,Low
Azrou,2026-09-18,25.4,14.2,0.0,33,12.7,29.9,3,33.4344,-5.2213,No Rain,Normal,Normal,Calm,0,0,0,0,10,1.0,Low
Azrou,2026-09-19,28.4,16.7,0.0,10,13.4,33.8,3,33.4344,-5.2213,No Rain,Normal,Normal,Calm,0,0,25,0,10,6.0,Low
Azrou,2026-09-20,29.5,19.7,0.0,9,23.4,54.4,3,33.4344,-5.2213,No Rain,Normal,Normal,Moderate,0,25,50,0,10,17.25,Low
Azrou,2026-09-21,29.0,19.6,0.0,10,25.6,61.9,1,33.4344,-5.2213,No Rain,Normal,Normal,Moderate,0,25,50,0,10,17.25,Low
Guercif,2026-09-15,33.4,18.9,0.0,0,24.0,42.8,3,34.23,-3.36,No Rain,Hot,Normal,Moderate,0,25,25,25,10,16.0,Low
Guercif,2026-09-16,34.5,19.1,0.0,3,25.7,45.7,1,34.23,-3.36,No Rain,Hot,Normal,Moderate,0,25,25,25,10,16.0,Low
Guercif,2026-09-17,30.5,20.1,0.0,9,27.7,52.2,3,34.23,-3.36,No Rain,Hot,Normal,Moderate,0,25,50,25,10,21.0,Moderate
Guercif,2026-09-18,29.9,20.0,0.0,10,28.0,50.8,3,34.23,-3.36,No Rain,Normal,Normal,Moderate,0,25,50,0,10,17.25,Low
Guercif,2026-09-19,30.2,20.0,0.0,13,33.2,67.3,3,34.23,-3.36,No Rain,Hot,Normal,Moderate,0,25,50,25,10,21.0,Moderate
Guercif,2026-09-20,29.4,20.7,0.0,5,32.2,56.5,3,34.23,-3.36,No Rain,Normal,Normal,Moderate,0,25,50,0,10,17.25,Low
Guercif,2026-09-21,29.5,20.6,0.0,3,31.0,52.2,3,34.23,-3.36,No Rain,Normal,Normal,Moderate,0,25,50,0,10,17.25,Low
Warzat,2026-09-15,31.6,21.9,0.0,8,20.4,36.0,3,30.9167,-6.9167,No Rain,Hot,Normal,Moderate,0,25,25,25,10,16.0,Low
Warzat,2026-09-16,33.2,18.3,0.0,3,23.1,40.3,1,30.9167,-6.9167,No Rain,Hot,Normal,Moderate,0,25,25,25,10,16.0,Low
Warzat,2026-09-17,32.1,19.2,0.6,25,14.0,26.6,80,30.9167,-6.9167,Light,Hot,Normal,Calm,25,0,0,25,40,15.25,Low
Warzat,2026-09-18,31.8,18.6,0.0,23,18.4,34.2,2,30.9167,-6.9167,No Rain,Hot,Normal,Calm,0,0,25,25,10,9.75,Low
Warzat,2026-09-19,32.4,20.5,0.0,18,8.3,17.3,2,30.9167,-6.9167,No Rain,Hot,Normal,Calm,0,0,0,25,10,4.75,Low
Warzat,2026-09-20,33.8,22.9,0.0,9,25.0,46.4,3,30.9167,-6.9167,No Rain,Hot,Normal,Moderate,0,25,25,25,10,16.0,Low
Warzat,2026-09-21,31.4,20.5,0.6,5,17.7,34.6,80,30.9167,-6.9167,Light,Hot,Normal,Calm,25,0,25,25,40,20.25,Moderate
Fnidq,2026-09-15,27.5,21.3,0.0,0,11.3,22.3,2,35.8414,-5.3587,No Rain,Normal,Normal,Calm,0,0,0,0,10,1.0,Low
Fnidq,2026-09-16,30.1,20.4,0.0,0,32.3,62.6,1,35.8414,-5.3587,No Rain,Hot,Normal,Moderate,0,25,50,25,10,21.0,Moderate
Fnidq,2026-09-17,26.6,18.0,0.0,0,14.0,28.1,3,35.8414,-5.3587,No Rain,Normal,Normal,Calm,0,0,0,0,10,1.0,Low
Fnidq,2026-09-18,24.7,20.7,0.0,5,16.7,32.8,3,35.8414,-5.3587,No Rain,Normal,Normal,Calm,0,0,25,0,10,6.0,Low
Fnidq,2026-09-19,24.7,22.0,1.2,29,28.6,54.4,80,35.8414,-5.3587,Light,Normal,Normal,Moderate,25,25,50,0,40,27.75,Moderate
Fnidq,2026-09-20,24.4,22.5,0.6,17,38.8,68.0,80,35.8414,-5.3587,Light,Normal,Normal,Moderate,25,25,50,0,40,27.75,Moderate
Fnidq,2026-09-21,24.6,22.3,0.0,0,34.7,63.0,3,35.8414,-5.3587,No Rain,Normal,Normal,Moderate,0,25,50,0,10,17.25,Low
Tan-Tan,2026-09-15,37.0,23.4,0.0,0,19.0,36.4,0,28.4333,-11.1,No Rain,Hot,Normal,Calm,0,0,25,50,0,12.5,Low
Tan-Tan,2026-09-16,31.1,20.7,0.0,0,25.1,46.4,0,28.4333,-11.1,No Rain,Hot,Normal,Moderate,0,25,25,25,0,15.0,Low
Tan-Tan,2026-09-17,25.6,19.9,0.0,0,31.9,56.5,3,28.4333,-11.1,No Rain,Normal,Normal,Moderate,0,25,50,0,10,17.25,Low
Tan-Tan,2026-09-18,25.7,19.7,0.1,0,27.7,50.8,51,28.4333,-11.1,Light,Normal,Normal,Moderate,25,25,50,0,40,27.75,Moderate
Tan-Tan,2026-09-19,25.9,18.9,0.0,0,20.6,40.3,2,28.4333,-11.1,No Rain,Normal,Normal,Moderate,0,25,25,0,10,12.25,Low
Tan-Tan,2026-09-20,29.9,19.0,0.0,0,17.6,36.7,3,28.4333,-11.1,No Rain,Normal,Normal,Calm,0,0,25,0,10,6.0,Low
Tan-Tan,2026-09-21,33.4,17.8,0.0,4,20.1,43.9,1,28.4333,-11.1,No Rain,Hot,Normal,Moderate,0,25,25,25,10,16.0,Low
Sidi Qacem,2026-09-15,34.7,21.8,0.0,0,18.2,39.2,0,34.21,-5.7,No Rain,Hot,Normal,Calm,0,0,25,25,0,8.75,Low
Sidi Qacem,2026-09-16,31.5,20.6,0.0,0,19.6,41.8,2,34.21,-5.7,No Rain,Hot,Normal,Calm,0,0,25,25,10,9.75,Low
Sidi Qacem,2026-09-17,30.1,18.5,0.0,0,14.5,31.3,3,34.21,-5.7,No Rain,Hot,Normal,Calm,0,0,25,25,10,9.75,Low
Sidi Qacem,2026-09-18,32.3,17.2,0.0,8,16.8,36.0,3,34.21,-5.7,No Rain,Hot,Normal,Calm,0,0,25,25,10,9.75,Low
Sidi Qacem,2026-09-19,36.2,19.9,0.0,3,19.8,41.4,1,34.21,-5.7,No Rain,Hot,Normal,Calm,0,0,25,50,10,13.5,Low
Sidi Qacem,2026-09-20,37.0,24.5,0.0,0,22.5,46.8,1,34.21,-5.7,No Rain,Hot,Normal,Moderate,0,25,25,50,10,19.75,Low
Sidi Qacem,2026-09-21,36.3,24.1,0.0,0,17.2,36.4,1,34.21,-5.7,No Rain,Hot,Normal,Calm,0,0,25,50,10,13.5,Low
M’diq,2026-09-15,26.6,21.5,0.0,0,10.1,24.5,2,35.68,-5.32,No Rain,Normal,Normal,Calm,0,0,0,0,10,1.0,Low
M’diq,2026-09-16,32.7,20.6,0.0,0,28.9,65.2,1,35.68,-5.32,No Rain,Hot,Normal,Moderate,0,25,50,25,10,21.0,Moderate
M’diq,2026-09-17,25.3,16.9,0.0,0,14.7,33.1,3,35.68,-5.32,No Rain,Normal,Normal,Calm,0,0,25,0,10,6.0,Low
M’diq,2026-09-18,24.8,20.5,0.0,5,16.3,36.0,3,35.68,-5.32,No Rain,Normal,Normal,Calm,0,0,25,0,10,6.0,Low
M’diq,2026-09-19,24.6,21.9,1.2,8,26.0,57.6,2,35.68,-5.32,Light,Normal,Normal,Moderate,25,25,50,0,10,24.75,Moderate
M’diq,2026-09-20,25.6,22.4,0.15,0,40.4,84.2,80,35.68,-5.32,Light,Normal,Normal,Strong,25,50,75,0,40,39.0,Moderate
M’diq,2026-09-21,25.7,22.1,0.0,0,36.8,76.3,2,35.68,-5.32,No Rain,Normal,Normal,Moderate,0,25,75,0,10,22.25,Moderate
Youssoufia,2026-09-15,37.4,24.6,0.0,3,24.8,50.4,3,32.25,-8.53,No Rain,Hot,Normal,Moderate,0,25,50,50,10,24.75,Moderate
Youssoufia,2026-09-16,31.5,19.6,0.0,0,20.6,41.8,1,32.25,-8.53,No Rain,Hot,Normal,Moderate,0,25,25,25,10,16.0,Low
Youssoufia,2026-09-17,28.7,17.1,0.0,0,18.2,38.2,3,32.25,-8.53,No Rain,Normal,Normal,Calm,0,0,25,0,10,6.0,Low
Youssoufia,2026-09-18,30.9,16.9,0.0,3,18.2,37.4,45,32.25,-8.53,No Rain,Hot,Normal,Calm,0,0,25,25,20,10.75,Low
Youssoufia,2026-09-19,34.4,16.6,0.0,3,15.5,32.4,45,32.25,-8.53,No Rain,Hot,Normal,Calm,0,0,25,25,20,10.75,Low
Youssoufia,2026-09-20,39.0,22.9,0.0,0,19.1,48.2,2,32.25,-8.53,No Rain,Hot,Normal,Calm,0,0,25,50,10,13.5,Low
Youssoufia,2026-09-21,32.6,21.6,0.0,0,19.6,36.0,2,32.25,-8.53,No Rain,Hot,Normal,Calm,0,0,25,25,10,9.75,Low
Midalt,2026-09-15,29.9,18.2,0.0,8,22.6,38.9,3,32.68,-4.74,No Rain,Normal,Normal,Moderate,0,25,25,0,10,12.25,Low
Midalt,2026-09-16,27.1,17.3,0.0,0,22.0,40.0,2,32.68,-4.74,No Rain,Normal,Normal,Moderate,0,25,25,0,10,12.25,Low
Midalt,2026-09-17,26.9,14.4,1.3,38,16.1,31.7,80,32.68,-4.74,Light,Normal,Normal,Calm,28,0,25,0,40,17.4,Low
Midalt,2026-09-18,26.6,13.6,0.0,18,22.1,35.6,3,32.68,-4.74,No Rain,Normal,Normal,Moderate,0,25,25,0,10,12.25,Low
Midalt,2026-09-19,25.8,14.3,0.0,14,26.3,43.9,3,32.68,-4.74,No Rain,Normal,Normal,Moderate,0,25,25,0,10,12.25,Low
Midalt,2026-09-20,29.0,15.5,0.6,9,16.8,29.2,3,32.68,-4.74,Light,Normal,Normal,Calm,25,0,0,0,10,8.5,Low
Midalt,2026-09-21,29.5,16.9,0.0,14,27.2,47.5,3,32.68,-4.74,No Rain,Normal,Normal,Moderate,0,25,25,0,10,12.25,Low
Aïn Harrouda,2026-09-15,29.2,21.7,0.0,0,12.2,31.7,45,33.6372,-7.4483,No Rain,Normal,Normal,Calm,0,0,25,0,20,7.0,Low
Aïn Harrouda,2026-09-16,26.3,20.7,0.0,0,15.2,37.8,45,33.6372,-7.4483,No Rain,Normal,Normal,Calm,0,0,25,0,20,7.0,Low
Aïn Harrouda,2026-09-17,26.3,19.7,0.0,0,13.2,33.8,3,33.6372,-7.4483,No Rain,Normal,Normal,Calm,0,0,25,0,10,6.0,Low
Aïn Harrouda,2026-09-18,26.9,17.6,0.0,3,14.6,37.1,3,33.6372,-7.4483,No Rain,Normal,Normal,Calm,0,0,25,0,10,6.0,Low
Aïn Harrouda,2026-09-19,27.8,18.4,0.0,0,12.6,33.5,45,33.6372,-7.4483,No Rain,Normal,Normal,Calm,0,0,25,0,20,7.0,Low
Aïn Harrouda,2026-09-20,30.4,20.4,0.0,0,11.5,27.4,2,33.6372,-7.4483,No Rain,Hot,Normal,Calm,0,0,0,25,10,4.75,Low
Aïn Harrouda,2026-09-21,30.3,20.6,0.0,0,13.8,33.8,2,33.6372,-7.4483,No Rain,Hot,Normal,Calm,0,0,25,25,10,9.75,Low
Souq Sebt Oulad Nemma,2026-09-15,39.6,24.6,0.0,3,18.6,33.5,3,32.3,-6.7,No Rain,Hot,Normal,Calm,0,0,25,50,10,13.5,Low
Souq Sebt Oulad Nemma,2026-09-16,35.6,20.7,0.0,0,15.3,26.6,1,32.3,-6.7,No Rain,Hot,Normal,Calm,0,0,0,50,10,8.5,Low
Souq Sebt Oulad Nemma,2026-09-17,32.2,17.7,0.0,5,13.8,24.8,3,32.3,-6.7,No Rain,Hot,Normal,Calm,0,0,0,25,10,4.75,Low
Souq Sebt Oulad Nemma,2026-09-18,33.8,18.3,0.0,5,8.6,17.6,1,32.3,-6.7,No Rain,Hot,Normal,Calm,0,0,0,25,10,4.75,Low
Souq Sebt Oulad Nemma,2026-09-19,38.2,20.2,0.0,2,10.5,19.8,3,32.3,-6.7,No Rain,Hot,Normal,Calm,0,0,0,50,10,8.5,Low
Souq Sebt Oulad Nemma,2026-09-20,40.2,24.2,0.3,3,10.7,20.2,2,32.3,-6.7,Light,Extreme Heat,Normal,Calm,25,0,0,75,10,19.75,Low
Souq Sebt Oulad Nemma,2026-09-21,38.6,23.8,0.6,3,16.6,29.2,80,32.3,-6.7,Light,Hot,Normal,Calm,25,0,0,50,40,19.0,Low
Mehdya,2026-09-15,27.7,21.0,0.0,0,12.6,28.1,45,34.2557,-6.6745,No Rain,Normal,Normal,Calm,0,0,0,0,20,2.0,Low
Mehdya,2026-09-16,26.4,21.0,0.0,0,16.3,36.4,3,34.2557,-6.6745,No Rain,Normal,Normal,Calm,0,0,25,0,10,6.0,Low
Mehdya,2026-09-17,26.3,19.3,0.0,0,12.1,28.1,3,34.2557,-6.6745,No Rain,Normal,Normal,Calm,0,0,0,0,10,1.0,Low
Mehdya,2026-09-18,26.9,17.6,0.0,5,13.3,29.9,45,34.2557,-6.6745,No Rain,Normal,Normal,Calm,0,0,0,0,20,2.0,Low
Mehdya,2026-09-19,32.0,17.7,0.0,0,16.1,35.3,45,34.2557,-6.6745,No Rain,Hot,Normal,Calm,0,0,25,25,20,10.75,Low
Mehdya,2026-09-20,36.7,22.5,0.0,0,17.3,40.3,1,34.2557,-6.6745,No Rain,Hot,Normal,Calm,0,0,25,50,10,13.5,Low
Mehdya,2026-09-21,33.1,22.1,0.0,0,14.3,33.1,0,34.2557,-6.6745,No Rain,Hot,Normal,Calm,0,0,25,25,0,8.75,Low
Ouezzane,2026-09-15,35.1,19.8,0.0,0,22.3,42.8,0,34.8,-5.6,No Rain,Hot,Normal,Moderate,0,25,25,50,0,18.75,Low
Ouezzane,2026-09-16,30.3,17.3,0.0,0,17.6,34.6,3,34.8,-5.6,No Rain,Hot,Normal,Calm,0,0,25,25,10,9.75,Low
Ouezzane,2026-09-17,29.8,16.6,0.0,1,21.4,41.8,3,34.8,-5.6,No Rain,Normal,Normal,Moderate,0,25,25,0,10,12.25,Low
Ouezzane,2026-09-18,31.6,15.6,0.0,8,14.0,32.8,3,34.8,-5.6,No Rain,Hot,Normal,Calm,0,0,25,25,10,9.75,Low
Ouezzane,2026-09-19,36.1,17.5,0.0,5,16.6,29.5,1,34.8,-5.6,No Rain,Hot,Normal,Calm,0,0,0,50,10,8.5,Low
Ouezzane,2026-09-20,36.7,20.8,0.0,3,20.2,39.6,0,34.8,-5.6,No Rain,Hot,Normal,Moderate,0,25,25,50,0,18.75,Low
Ouezzane,2026-09-21,35.8,21.4,0.0,3,16.4,33.1,2,34.8,-5.6,No Rain,Hot,Normal,Calm,0,0,25,50,10,13.5,Low
Semara,2026-09-15,41.0,27.0,0.0,1,27.3,47.5,0,26.7394,-11.6703,No Rain,Extreme Heat,Normal,Moderate,0,25,25,75,0,22.5,Moderate
Semara,2026-09-16,39.5,24.7,0.0,0,32.1,54.7,0,26.7394,-11.6703,No Rain,Hot,Normal,Moderate,0,25,50,50,0,23.75,Moderate
Semara,2026-09-17,31.6,20.3,0.0,0,29.2,49.7,3,26.7394,-11.6703,No Rain,Hot,Normal,Moderate,0,25,25,25,10,16.0,Low
Semara,2026-09-18,30.0,18.3,0.0,0,24.9,44.6,3,26.7394,-11.6703,No Rain,Normal,Normal,Moderate,0,25,25,0,10,12.25,Low
Semara,2026-09-19,31.7,18.0,0.0,0,21.3,37.8,3,26.7394,-11.6703,No Rain,Hot,Normal,Moderate,0,25,25,25,10,16.0,Low
Semara,2026-09-20,38.1,18.0,0.0,2,24.5,42.1,1,26.7394,-11.6703,No Rain,Hot,Normal,Moderate,0,25,25,50,10,19.75,Low
Semara,2026-09-21,41.3,24.7,0.0,10,22.1,44.6,3,26.7394,-11.6703,No Rain,Extreme Heat,Normal,Moderate,0,25,25,75,10,23.5,Moderate
Ait Ourir,2026-09-15,36.1,24.7,0.0,3,22.4,45.4,3,31.5644,-7.6628,No Rain,Hot,Normal,Moderate,0,25,25,50,10,19.75,Low
Ait Ourir,2026-09-16,32.9,20.0,0.0,0,14.9,28.1,1,31.5644,-7.6628,No Rain,Hot,Normal,Calm,0,0,0,25,10,4.75,Low
Ait Ourir,2026-09-17,28.9,17.7,0.0,8,10.0,20.2,3,31.5644,-7.6628,No Rain,Normal,Normal,Calm,0,0,0,0,10,1.0,Low
Ait Ourir,2026-09-18,30.3,17.5,0.0,10,10.2,21.6,1,31.5644,-7.6628,No Rain,Hot,Normal,Calm,0,0,0,25,10,4.75,Low
Ait Ourir,2026-09-19,34.8,19.2,0.0,10,12.2,24.5,2,31.5644,-7.6628,No Rain,Hot,Normal,Calm,0,0,0,25,10,4.75,Low
Ait Ourir,2026-09-20,37.0,22.7,0.3,4,10.2,19.8,3,31.5644,-7.6628,Light,Hot,Normal,Calm,25,0,0,50,10,16.0,Low
Ait Ourir,2026-09-21,33.9,21.8,1.8,5,9.9,28.8,80,31.5644,-7.6628,Light,Hot,Normal,Calm,25,0,0,25,40,15.25,Low
Oulad Tayeb,2026-09-15,34.3,23.6,0.0,0,16.6,31.7,2,33.9598,-4.9954,No Rain,Hot,Normal,Calm,0,0,25,25,10,9.75,Low
Oulad Tayeb,2026-09-16,31.1,21.0,0.0,0,16.7,31.7,1,33.9598,-4.9954,No Rain,Hot,Normal,Calm,0,0,25,25,10,9.75,Low
Oulad Tayeb,2026-09-17,29.2,18.4,0.0,5,13.3,26.3,45,33.9598,-4.9954,No Rain,Normal,Normal,Calm,0,0,0,0,20,2.0,Low
Oulad Tayeb,2026-09-18,30.7,18.4,0.0,5,10.9,23.4,3,33.9598,-4.9954,No Rain,Hot,Normal,Calm,0,0,0,25,10,4.75,Low
Oulad Tayeb,2026-09-19,33.4,19.7,0.0,0,17.7,37.1,1,33.9598,-4.9954,No Rain,Hot,Normal,Calm,0,0,25,25,10,9.75,Low
Oulad Tayeb,2026-09-20,33.2,21.0,0.0,0,20.0,48.6,1,33.9598,-4.9954,No Rain,Hot,Normal,Moderate,0,0,25,25,10,9.75,Low
Oulad Tayeb,2026-09-21,33.1,20.8,0.0,0,14.4,37.4,0,33.9598,-4.9954,No Rain,Hot,Normal,Calm,0,0,25,25,0,8.75,Low
Tit Mellil,2026-09-15,29.9,21.5,0.0,0,13.0,33.8,45,33.5533,-7.4822,No Rain,Normal,Normal,Calm,0,0,25,0,20,7.0,Low
Tit Mellil,2026-09-16,26.3,20.3,0.0,0,15.0,38.2,45,33.5533,-7.4822,No Rain,Normal,Normal,Calm,0,0,25,0,20,7.0,Low
Tit Mellil,2026-09-17,26.1,19.0,0.0,0,13.4,35.3,3,33.5533,-7.4822,No Rain,Normal,Normal,Calm,0,0,25,0,10,6.0,Low
Tit Mellil,2026-09-18,27.0,17.5,0.0,3,15.0,38.5,3,33.5533,-7.4822,No Rain,Normal,Normal,Calm,0,0,25,0,10,6.0,Low
Tit Mellil,2026-09-19,28.1,18.7,0.0,0,13.0,34.6,45,33.5533,-7.4822,No Rain,Normal,Normal,Calm,0,0,25,0,20,7.0,Low
Tit Mellil,2026-09-20,31.1,20.8,0.0,0,11.6,29.9,2,33.5533,-7.4822,No Rain,Hot,Normal,Calm,0,0,0,25,10,4.75,Low
Tit Mellil,2026-09-21,29.7,20.9,0.0,0,13.6,36.0,2,33.5533,-7.4822,No Rain,Normal,Normal,Calm,0,0,25,0,10,6.0,Low
Sidi Bennour,2026-09-15,37.3,21.1,0.0,3,26.2,45.7,3,32.655,-8.4292,No Rain,Hot,Normal,Moderate,0,25,25,50,10,19.75,Low
Sidi Bennour,2026-09-16,30.3,18.4,0.0,0,22.7,39.2,2,32.655,-8.4292,No Rain,Hot,Normal,Moderate,0,25,25,25,10,16.0,Low
Sidi Bennour,2026-09-17,28.6,17.5,0.0,0,20.2,35.3,3,32.655,-8.4292,No Rain,Normal,Normal,Moderate,0,25,25,0,10,12.25,Low
Sidi Bennour,2026-09-18,30.6,17.5,0.0,0,22.0,39.2,45,32.655,-8.4292,No Rain,Hot,Normal,Moderate,0,25,25,25,20,17.0,Low
Sidi Bennour,2026-09-19,34.0,16.5,0.0,0,18.0,32.4,45,32.655,-8.4292,No Rain,Hot,Normal,Calm,0,0,25,25,20,10.75,Low
Sidi Bennour,2026-09-20,38.7,20.3,0.0,0,18.4,36.0,2,32.655,-8.4292,No Rain,Hot,Normal,Calm,0,0,25,50,10,13.5,Low
Sidi Bennour,2026-09-21,32.7,19.6,0.0,3,17.6,33.5,45,32.655,-8.4292,No Rain,Hot,Normal,Calm,0,0,25,25,20,10.75,Low
Temsia,2026-09-15,37.1,26.0,0.0,3,14.8,33.1,3,30.3633,-9.4144,No Rain,Hot,Normal,Calm,0,0,25,50,10,13.5,Low
Temsia,2026-09-16,31.5,22.3,0.0,0,17.0,37.8,1,30.3633,-9.4144,No Rain,Hot,Normal,Calm,0,0,25,25,10,9.75,Low
Temsia,2026-09-17,28.2,21.1,0.0,0,22.8,47.2,3,30.3633,-9.4144,No Rain,Normal,Normal,Moderate,0,25,25,0,10,12.25,Low
Temsia,2026-09-18,28.2,20.2,0.0,0,20.9,43.9,1,30.3633,-9.4144,No Rain,Normal,Normal,Moderate,0,25,25,0,10,12.25,Low
Temsia,2026-09-19,28.4,20.5,0.0,3,22.5,47.2,45,30.3633,-9.4144,No Rain,Normal,Normal,Moderate,0,25,25,0,20,13.25,Low
Temsia,2026-09-20,28.6,20.9,0.0,0,27.7,49.3,1,30.3633,-9.4144,No Rain,Normal,Normal,Moderate,0,25,25,0,10,12.25,Low
Temsia,2026-09-21,33.2,20.2,0.0,0,22.6,41.4,45,30.3633,-9.4144,No Rain,Hot,Normal,Moderate,0,25,25,25,20,17.0,Low
Biougra,2026-09-15,38.2,26.8,0.0,3,21.4,34.9,2,30.2144,-9.3708,No Rain,Hot,Normal,Moderate,0,25,25,50,10,19.75,Low
Biougra,2026-09-16,33.5,23.4,0.0,0,29.4,49.0,2,30.2144,-9.3708,No Rain,Hot,Normal,Moderate,0,25,25,25,10,16.0,Low
Biougra,2026-09-17,27.9,21.1,0.0,0,32.9,54.7,3,30.2144,-9.3708,No Rain,Normal,Normal,Moderate,0,25,50,0,10,17.25,Low
Biougra,2026-09-18,28.3,20.2,0.0,0,23.1,39.6,2,30.2144,-9.3708,No Rain,Normal,Normal,Moderate,0,25,25,0,10,12.25,Low
Biougra,2026-09-19,28.6,20.4,0.0,3,22.1,36.0,2,30.2144,-9.3708,No Rain,Normal,Normal,Moderate,0,25,25,0,10,12.25,Low
Biougra,2026-09-20,27.3,20.5,0.0,0,25.5,43.9,1,30.2144,-9.3708,No Rain,Normal,Normal,Moderate,0,25,25,0,10,12.25,Low
Biougra,2026-09-21,30.7,19.9,0.0,0,19.8,35.3,45,30.2144,-9.3708,No Rain,Hot,Normal,Calm,0,0,25,25,20,10.75,Low
Al Hoceïma,2026-09-15,26.4,20.2,0.0,0,10.9,19.8,45,35.2472,-3.9322,No Rain,Normal,Normal,Calm,0,0,0,0,20,2.0,Low
Al Hoceïma,2026-09-16,28.4,19.7,0.0,0,12.0,23.8,3,35.2472,-3.9322,No Rain,Normal,Normal,Calm,0,0,0,0,10,1.0,Low
Al Hoceïma,2026-09-17,25.8,20.0,0.0,3,16.7,30.2,3,35.2472,-3.9322,No Rain,Normal,Normal,Calm,0,0,25,0,10,6.0,Low
Al Hoceïma,2026-09-18,26.0,18.9,0.0,12,15.4,32.0,45,35.2472,-3.9322,No Rain,Normal,Normal,Calm,0,0,25,0,20,7.0,Low
Al Hoceïma,2026-09-19,27.7,18.9,0.0,15,26.5,47.5,2,35.2472,-3.9322,No Rain,Normal,Normal,Moderate,0,25,25,0,10,12.25,Low
Al Hoceïma,2026-09-20,27.3,22.0,0.0,5,33.7,60.5,2,35.2472,-3.9322,No Rain,Normal,Normal,Moderate,0,25,50,0,10,17.25,Low
Al Hoceïma,2026-09-21,26.1,21.8,0.0,0,30.0,57.6,3,35.2472,-3.9322,No Rain,Normal,Normal,Moderate,0,25,50,0,10,17.25,Low
Qasbat Tadla,2026-09-15,38.6,22.9,0.0,3,19.0,34.9,2,32.6,-6.26,No Rain,Hot,Normal,Calm,0,0,25,50,10,13.5,Low
Qasbat Tadla,2026-09-16,34.5,18.7,0.0,0,14.6,27.7,0,32.6,-6.26,No Rain,Hot,Normal,Calm,0,0,0,25,0,3.75,Low
Qasbat Tadla,2026-09-17,32.3,17.5,0.0,3,11.9,22.7,3,32.6,-6.26,No Rain,Hot,Normal,Calm,0,0,0,25,10,4.75,Low
Qasbat Tadla,2026-09-18,33.4,17.2,0.0,8,14.4,25.6,2,32.6,-6.26,No Rain,Hot,Normal,Calm,0,0,0,25,10,4.75,Low
Qasbat Tadla,2026-09-19,37.3,20.6,0.0,1,10.2,19.4,3,32.6,-6.26,No Rain,Hot,Normal,Calm,0,0,0,50,10,8.5,Low
Qasbat Tadla,2026-09-20,39.4,24.8,0.0,3,21.4,37.8,2,32.6,-6.26,No Rain,Hot,Normal,Moderate,0,25,25,50,10,19.75,Low
Qasbat Tadla,2026-09-21,37.5,19.9,0.6,9,7.9,20.5,80,32.6,-6.26,Light,Hot,Normal,Calm,25,0,0,50,40,19.0,Low
Aziylal,2026-09-15,30.4,20.0,0.1,5,26.0,61.2,3,31.96,-6.56,Light,Hot,Normal,Moderate,25,25,50,25,10,28.5,Moderate
Aziylal,2026-09-16,26.7,16.1,0.0,0,18.3,39.2,0,31.96,-6.56,No Rain,Normal,Normal,Calm,0,0,25,0,0,5.0,Low
Aziylal,2026-09-17,25.3,14.8,0.0,23,15.3,32.0,3,31.96,-6.56,No Rain,Normal,Normal,Calm,0,0,25,0,10,6.0,Low
Aziylal,2026-09-18,25.9,15.0,0.0,18,17.3,37.8,3,31.96,-6.56,No Rain,Normal,Normal,Calm,0,0,25,0,10,6.0,Low
Aziylal,2026-09-19,28.9,17.6,0.0,23,16.4,34.9,3,31.96,-6.56,No Rain,Normal,Normal,Calm,0,0,25,0,10,6.0,Low
Aziylal,2026-09-20,30.8,20.3,0.0,6,18.0,34.2,3,31.96,-6.56,No Rain,Hot,Normal,Calm,0,0,25,25,10,9.75,Low
Aziylal,2026-09-21,29.2,19.4,1.8,12,16.0,33.1,80,31.96,-6.56,Light,Normal,Normal,Calm,25,0,25,0,40,16.5,Low
Boujad,2026-09-15,36.8,23.7,0.0,3,20.9,38.5,3,32.7741,-6.3925,No Rain,Hot,Normal,Moderate,0,25,25,50,10,19.75,Low
Boujad,2026-09-16,32.7,18.5,0.0,0,16.7,31.3,1,32.7741,-6.3925,No Rain,Hot,Normal,Calm,0,0,25,25,10,9.75,Low
Boujad,2026-09-17,30.9,16.9,0.0,3,17.7,33.1,3,32.7741,-6.3925,No Rain,Hot,Normal,Calm,0,0,25,25,10,9.75,Low
Boujad,2026-09-18,31.7,16.9,0.0,10,16.4,31.3,3,32.7741,-6.3925,No Rain,Hot,Normal,Calm,0,0,25,25,10,9.75,Low
Boujad,2026-09-19,35.4,20.1,0.0,4,15.5,27.4,3,32.7741,-6.3925,No Rain,Hot,Normal,Calm,0,0,0,50,10,8.5,Low
Boujad,2026-09-20,36.9,24.7,0.0,0,19.2,42.5,2,32.7741,-6.3925,No Rain,Hot,Normal,Calm,0,0,25,50,10,13.5,Low
Boujad,2026-09-21,35.4,22.8,0.6,5,14.3,34.6,3,32.7741,-6.3925,Light,Hot,Normal,Calm,25,0,25,50,10,21.0,Moderate
Al Aaroui,2026-09-15,29.1,18.2,0.0,0,17.1,29.9,45,35.0104,-3.0073,No Rain,Normal,Normal,Calm,0,0,0,0,20,2.0,Low
Al Aaroui,2026-09-16,32.8,17.6,0.0,0,15.5,27.4,3,35.0104,-3.0073,No Rain,Hot,Normal,Calm,0,0,0,25,10,4.75,Low
Al Aaroui,2026-09-17,26.7,17.3,0.0,1,18.9,33.5,3,35.0104,-3.0073,No Rain,Normal,Normal,Calm,0,0,25,0,10,6.0,Low
Al Aaroui,2026-09-18,26.2,20.6,0.0,8,21.6,37.4,3,35.0104,-3.0073,No Rain,Normal,Normal,Moderate,0,25,25,0,10,12.25,Low
Al Aaroui,2026-09-19,26.1,20.5,0.0,18,29.4,51.5,45,35.0104,-3.0073,No Rain,Normal,Normal,Moderate,0,25,50,0,20,18.25,Low
Al Aaroui,2026-09-20,26.9,20.6,0.0,10,29.6,54.4,3,35.0104,-3.0073,No Rain,Normal,Normal,Moderate,0,25,50,0,10,17.25,Low
Al Aaroui,2026-09-21,26.6,20.7,0.0,8,25.7,46.4,3,35.0104,-3.0073,No Rain,Normal,Normal,Moderate,0,25,25,0,10,12.25,Low
Mrirt,2026-09-15,33.7,19.7,0.0,0,21.3,42.1,3,33.1654,-5.5634,No Rain,Hot,Normal,Moderate,0,25,25,25,10,16.0,Low
Mrirt,2026-09-16,30.1,14.8,0.0,0,18.5,37.1,3,33.1654,-5.5634,No Rain,Hot,Normal,Calm,0,0,25,25,10,9.75,Low
Mrirt,2026-09-17,30.3,15.2,0.0,24,19.1,42.5,3,33.1654,-5.5634,No Rain,Hot,Normal,Calm,0,0,25,25,10,9.75,Low
Mrirt,2026-09-18,28.8,14.0,0.0,13,17.4,35.3,3,33.1654,-5.5634,No Rain,Normal,Normal,Calm,0,0,25,0,10,6.0,Low
Mrirt,2026-09-19,32.1,15.3,0.0,8,16.2,38.9,2,33.1654,-5.5634,No Rain,Hot,Normal,Calm,0,0,25,25,10,9.75,Low
Mrirt,2026-09-20,33.3,19.1,0.0,9,19.9,38.2,3,33.1654,-5.5634,No Rain,Hot,Normal,Calm,0,0,25,25,10,9.75,Low
Mrirt,2026-09-21,32.8,18.0,0.0,10,23.1,43.9,2,33.1654,-5.5634,No Rain,Hot,Normal,Moderate,0,25,25,25,10,16.0,Low
Tineghir,2026-09-15,32.2,22.5,0.0,38,42.1,67.0,3,31.5147,-5.5328,No Rain,Hot,Normal,Strong,0,50,50,25,10,27.25,Moderate
Tineghir,2026-09-16,31.7,19.1,0.0,5,32.6,51.5,2,31.5147,-5.5328,No Rain,Hot,Normal,Moderate,0,25,50,25,10,21.0,Moderate
Tineghir,2026-09-17,29.4,19.1,0.7,43,14.9,31.3,80,31.5147,-5.5328,Light,Normal,Normal,Calm,28,0,25,0,40,17.4,Low
Tineghir,2026-09-18,30.7,18.5,0.0,40,19.1,29.2,3,31.5147,-5.5328,No Rain,Hot,Normal,Calm,0,0,0,25,10,4.75,Low
Tineghir,2026-09-19,29.8,20.8,0.0,30,16.6,25.2,3,31.5147,-5.5328,No Rain,Normal,Normal,Calm,0,0,0,0,10,1.0,Low
Tineghir,2026-09-20,31.6,20.4,0.6,12,17.1,32.4,3,31.5147,-5.5328,Light,Hot,Normal,Calm,25,0,25,25,10,17.25,Low
Tineghir,2026-09-21,29.1,20.4,0.6,14,15.5,45.4,80,31.5147,-5.5328,Light,Normal,Normal,Calm,25,0,25,0,40,16.5,Low
Bouknadel,2026-09-15,26.4,21.0,0.0,0,15.8,27.0,45,34.1766,-6.6893,No Rain,Normal,Normal,Calm,0,0,0,0,20,2.0,Low
Bouknadel,2026-09-16,25.4,20.9,0.0,0,18.5,32.0,2,34.1766,-6.6893,No Rain,Normal,Normal,Calm,0,0,25,0,10,6.0,Low
Bouknadel,2026-09-17,25.2,19.2,0.0,0,13.0,23.4,3,34.1766,-6.6893,No Rain,Normal,Normal,Calm,0,0,0,0,10,1.0,Low
Bouknadel,2026-09-18,25.5,17.6,0.0,5,14.1,25.6,3,34.1766,-6.6893,No Rain,Normal,Normal,Calm,0,0,0,0,10,1.0,Low
Bouknadel,2026-09-19,29.8,17.8,0.0,0,16.9,28.8,45,34.1766,-6.6893,No Rain,Normal,Normal,Calm,0,0,0,0,20,2.0,Low
Bouknadel,2026-09-20,36.6,22.3,0.0,0,17.3,40.3,1,34.1766,-6.6893,No Rain,Hot,Normal,Calm,0,0,25,50,10,13.5,Low
Bouknadel,2026-09-21,33.0,22.0,0.0,0,14.3,33.1,0,34.1766,-6.6893,No Rain,Hot,Normal,Calm,0,0,25,25,0,8.75,Low
Cabo Bojador,2026-09-15,32.5,24.3,0.0,0,25.7,45.0,2,26.1269,-14.4992,No Rain,Hot,Normal,Moderate,0,25,25,25,10,16.0,Low
Cabo Bojador,2026-09-16,28.9,21.9,0.0,0,28.2,50.8,0,26.1269,-14.4992,No Rain,Normal,Normal,Moderate,0,25,50,0,0,16.25,Low
Cabo Bojador,2026-09-17,25.4,20.7,0.0,0,33.8,60.1,3,26.1269,-14.4992,No Rain,Normal,Normal,Moderate,0,25,50,0,10,17.25,Low
Cabo Bojador,2026-09-18,24.8,20.1,0.0,0,25.3,48.2,3,26.1269,-14.4992,No Rain,Normal,Normal,Moderate,0,25,25,0,10,12.25,Low
Cabo Bojador,2026-09-19,25.2,19.1,0.0,0,23.7,45.7,1,26.1269,-14.4992,No Rain,Normal,Normal,Moderate,0,25,25,0,10,12.25,Low
Cabo Bojador,2026-09-20,26.3,19.1,0.0,0,29.6,53.6,0,26.1269,-14.4992,No Rain,Normal,Normal,Moderate,0,25,50,0,0,16.25,Low
Cabo Bojador,2026-09-21,26.9,20.6,0.0,6,27.0,46.8,0,26.1269,-14.4992,No Rain,Normal,Normal,Moderate,0,25,25,0,0,11.25,Low
Zagora,2026-09-15,36.9,26.2,0.0,5,19.3,44.3,3,30.3316,-5.8376,No Rain,Hot,Normal,Calm,0,0,25,50,10,13.5,Low
Zagora,2026-09-16,37.5,23.2,0.0,3,11.0,19.1,2,30.3316,-5.8376,No Rain,Hot,Normal,Calm,0,0,0,50,10,8.5,Low
Zagora,2026-09-17,34.0,26.3,0.4,13,15.8,42.5,3,30.3316,-5.8376,Light,Hot,Normal,Calm,25,0,25,25,10,17.25,Low
Zagora,2026-09-18,35.1,22.9,0.0,16,8.9,17.6,3,30.3316,-5.8376,No Rain,Hot,Normal,Calm,0,0,0,50,10,8.5,Low
Zagora,2026-09-19,35.5,25.1,0.0,18,14.8,27.0,2,30.3316,-5.8376,No Rain,Hot,Normal,Calm,0,0,0,50,10,8.5,Low
Zagora,2026-09-20,36.3,26.2,0.0,4,18.3,31.3,3,30.3316,-5.8376,No Rain,Hot,Normal,Calm,0,0,25,50,10,13.5,Low
Zagora,2026-09-21,35.6,25.7,0.3,3,16.9,28.4,3,30.3316,-5.8376,Light,Hot,Normal,Calm,25,0,0,50,10,16.0,Low
Azemmour,2026-09-15,28.8,21.1,0.0,0,17.7,32.0,45,33.2833,-8.3333,No Rain,Normal,Normal,Calm,0,0,25,0,20,7.0,Low
Azemmour,2026-09-16,26.2,20.3,0.0,0,18.8,34.2,45,33.2833,-8.3333,No Rain,Normal,Normal,Calm,0,0,25,0,20,7.0,Low
Azemmour,2026-09-17,26.5,19.0,0.0,0,15.0,27.7,3,33.2833,-8.3333,No Rain,Normal,Normal,Calm,0,0,0,0,10,1.0,Low
Azemmour,2026-09-18,26.4,19.6,0.0,0,18.7,35.3,45,33.2833,-8.3333,No Rain,Normal,Normal,Calm,0,0,25,0,20,7.0,Low
Azemmour,2026-09-19,27.4,19.7,0.0,0,19.2,34.9,2,33.2833,-8.3333,No Rain,Normal,Normal,Calm,0,0,25,0,10,6.0,Low
Azemmour,2026-09-20,28.7,20.8,0.0,0,15.5,30.2,2,33.2833,-8.3333,No Rain,Normal,Normal,Calm,0,0,25,0,10,6.0,Low
Azemmour,2026-09-21,27.5,20.3,0.0,0,16.8,33.1,45,33.2833,-8.3333,No Rain,Normal,Normal,Calm,0,0,25,0,20,7.0,Low
El Hajeb,2026-09-15,32.1,21.7,0.0,0,20.6,42.8,1,33.6928,-5.3711,No Rain,Hot,Normal,Moderate,0,25,25,25,10,16.0,Low
El Hajeb,2026-09-16,28.4,17.9,0.0,0,18.7,39.2,2,33.6928,-5.3711,No Rain,Normal,Normal,Calm,0,0,25,0,10,6.0,Low
El Hajeb,2026-09-17,25.9,16.0,0.0,11,17.6,38.2,3,33.6928,-5.3711,No Rain,Normal,Normal,Calm,0,0,25,0,10,6.0,Low
El Hajeb,2026-09-18,27.3,15.6,0.0,23,15.2,31.0,3,33.6928,-5.3711,No Rain,Normal,Normal,Calm,0,0,25,0,10,6.0,Low
El Hajeb,2026-09-19,30.3,17.5,0.0,10,19.3,41.8,2,33.6928,-5.3711,No Rain,Hot,Normal,Calm,0,0,25,25,10,9.75,Low
El Hajeb,2026-09-20,32.1,21.7,0.0,9,18.8,40.0,2,33.6928,-5.3711,No Rain,Hot,Normal,Calm,0,0,25,25,10,9.75,Low
El Hajeb,2026-09-21,31.2,19.0,0.0,10,17.4,33.1,0,33.6928,-5.3711,No Rain,Hot,Normal,Calm,0,0,25,25,0,8.75,Low
Jerada,2026-09-15,30.8,19.2,0.0,0,18.8,35.6,3,34.31,-2.16,No Rain,Hot,Normal,Calm,0,0,25,25,10,9.75,Low
Jerada,2026-09-16,29.3,18.3,0.0,0,22.7,42.8,0,34.31,-2.16,No Rain,Normal,Normal,Moderate,0,25,25,0,0,11.25,Low
Jerada,2026-09-17,28.8,17.2,0.1,15,19.9,45.7,3,34.31,-2.16,Light,Normal,Normal,Calm,25,0,25,0,10,13.5,Low
Jerada,2026-09-18,25.8,17.0,0.0,20,18.4,41.8,3,34.31,-2.16,No Rain,Normal,Normal,Calm,0,0,25,0,10,6.0,Low
Jerada,2026-09-19,26.9,15.7,0.0,25,20.6,63.4,2,34.31,-2.16,No Rain,Normal,Normal,Moderate,0,25,50,0,10,17.25,Low
Jerada,2026-09-20,27.5,17.9,0.3,14,20.0,33.1,2,34.31,-2.16,Light,Normal,Normal,Moderate,25,0,25,0,10,13.5,Low
Jerada,2026-09-21,25.4,17.6,0.6,15,16.1,31.3,3,34.31,-2.16,Light,Normal,Normal,Calm,25,0,25,0,10,13.5,Low
El Aïoun,2026-09-15,32.2,16.8,0.0,0,14.3,24.1,3,34.5726,-2.5127,No Rain,Hot,Normal,Calm,0,0,0,25,10,4.75,Low
El Aïoun,2026-09-16,32.2,15.5,0.0,0,22.6,38.2,0,34.5726,-2.5127,No Rain,Hot,Normal,Moderate,0,25,25,25,0,15.0,Low
El Aïoun,2026-09-17,29.6,16.2,0.1,8,18.8,31.3,3,34.5726,-2.5127,Light,Normal,Normal,Calm,25,0,25,0,10,13.5,Low
El Aïoun,2026-09-18,28.1,18.2,0.0,13,18.1,33.1,45,34.5726,-2.5127,No Rain,Normal,Normal,Calm,0,0,25,0,20,7.0,Low
El Aïoun,2026-09-19,29.3,17.2,0.0,15,23.5,41.4,2,34.5726,-2.5127,No Rain,Normal,Normal,Moderate,0,25,25,0,10,12.25,Low
El Aïoun,2026-09-20,28.9,17.9,0.0,8,21.7,39.2,2,34.5726,-2.5127,No Rain,Normal,Normal,Moderate,0,25,25,0,10,12.25,Low
El Aïoun,2026-09-21,29.5,18.5,0.0,8,20.9,36.0,3,34.5726,-2.5127,No Rain,Normal,Normal,Moderate,0,25,25,0,10,12.25,Low
Tameslouht,2026-09-15,37.5,25.5,0.0,8,21.9,36.4,3,31.5,-8.1,No Rain,Hot,Normal,Moderate,0,25,25,50,10,19.75,Low
Tameslouht,2026-09-16,34.3,21.6,0.0,0,18.8,31.3,0,31.5,-8.1,No Rain,Hot,Normal,Calm,0,0,25,25,0,8.75,Low
Tameslouht,2026-09-17,29.6,18.2,0.0,0,13.3,22.7,2,31.5,-8.1,No Rain,Normal,Normal,Calm,0,0,0,0,10,1.0,Low
Tameslouht,2026-09-18,31.1,18.7,0.0,8,11.2,20.9,2,31.5,-8.1,No Rain,Hot,Normal,Calm,0,0,0,25,10,4.75,Low
Tameslouht,2026-09-19,35.6,20.7,0.0,2,11.3,20.5,2,31.5,-8.1,No Rain,Hot,Normal,Calm,0,0,0,50,10,8.5,Low
Tameslouht,2026-09-20,38.2,23.5,0.0,3,14.5,40.3,3,31.5,-8.1,No Rain,Hot,Normal,Calm,0,0,25,50,10,13.5,Low
Tameslouht,2026-09-21,33.5,23.9,0.3,5,17.9,32.0,2,31.5,-8.1,Light,Hot,Normal,Calm,25,0,25,25,10,17.25,Low
Sidi Yahia El Gharb,2026-09-15,31.8,20.8,0.0,0,17.9,32.8,45,34.3058,-6.3058,No Rain,Hot,Normal,Calm,0,0,25,25,20,10.75,Low
Sidi Yahia El Gharb,2026-09-16,28.4,20.3,0.0,0,22.2,39.2,2,34.3058,-6.3058,No Rain,Normal,Normal,Moderate,0,25,25,0,10,12.25,Low
Sidi Yahia El Gharb,2026-09-17,28.0,18.3,0.0,0,16.3,30.2,3,34.3058,-6.3058,No Rain,Normal,Normal,Calm,0,0,25,0,10,6.0,Low
Sidi Yahia El Gharb,2026-09-18,29.5,15.8,0.0,5,18.0,33.1,45,34.3058,-6.3058,No Rain,Normal,Normal,Calm,0,0,25,0,20,7.0,Low
Sidi Yahia El Gharb,2026-09-19,36.3,16.9,0.0,2,15.3,26.6,45,34.3058,-6.3058,No Rain,Hot,Normal,Calm,0,0,0,50,20,9.5,Low
Sidi Yahia El Gharb,2026-09-20,38.1,22.8,0.0,3,23.1,45.0,1,34.3058,-6.3058,No Rain,Hot,Normal,Moderate,0,25,25,50,10,19.75,Low
Sidi Yahia El Gharb,2026-09-21,37.1,23.2,0.0,0,18.8,34.9,0,34.3058,-6.3058,No Rain,Hot,Normal,Calm,0,0,25,50,0,12.5,Low
Chichaoua,2026-09-15,38.7,25.2,0.0,5,26.0,41.8,2,31.5333,-8.7667,No Rain,Hot,Normal,Moderate,0,25,25,50,10,19.75,Low
Chichaoua,2026-09-16,34.9,21.6,0.0,0,23.1,37.4,0,31.5333,-8.7667,No Rain,Hot,Normal,Moderate,0,25,25,25,0,15.0,Low
Chichaoua,2026-09-17,30.0,18.2,0.0,0,21.0,33.1,3,31.5333,-8.7667,No Rain,Normal,Normal,Moderate,0,25,25,0,10,12.25,Low
Chichaoua,2026-09-18,31.6,18.4,0.0,5,17.1,28.1,1,31.5333,-8.7667,No Rain,Hot,Normal,Calm,0,0,0,25,10,4.75,Low
Chichaoua,2026-09-19,35.2,19.4,0.0,3,18.6,31.7,2,31.5333,-8.7667,No Rain,Hot,Normal,Calm,0,0,25,50,10,13.5,Low
Chichaoua,2026-09-20,36.3,23.6,0.0,3,23.3,38.5,3,31.5333,-8.7667,No Rain,Hot,Normal,Moderate,0,25,25,50,10,19.75,Low
Chichaoua,2026-09-21,34.5,23.4,0.0,5,18.1,30.6,2,31.5333,-8.7667,No Rain,Hot,Normal,Calm,0,0,25,25,10,9.75,Low
Al ’Attawia,2026-09-15,36.5,24.7,0.0,5,26.9,48.2,3,31.83,-7.31,No Rain,Hot,Normal,Moderate,0,25,25,50,10,19.75,Low
Al ’Attawia,2026-09-16,33.0,19.0,0.0,0,17.0,31.3,0,31.83,-7.31,No Rain,Hot,Normal,Calm,0,0,25,25,0,8.75,Low
Al ’Attawia,2026-09-17,29.1,17.2,0.0,5,13.9,26.3,45,31.83,-7.31,No Rain,Normal,Normal,Calm,0,0,0,0,20,2.0,Low
Al ’Attawia,2026-09-18,30.2,17.6,0.0,10,13.0,25.2,3,31.83,-7.31,No Rain,Hot,Normal,Calm,0,0,0,25,10,4.75,Low
Al ’Attawia,2026-09-19,34.8,19.4,0.0,8,14.9,27.0,3,31.83,-7.31,No Rain,Hot,Normal,Calm,0,0,0,25,10,4.75,Low
Al ’Attawia,2026-09-20,37.0,22.3,0.3,2,11.7,24.5,3,31.83,-7.31,Light,Hot,Normal,Calm,25,0,0,50,10,16.0,Low
Al ’Attawia,2026-09-21,35.0,20.2,0.9,8,9.7,20.9,3,31.83,-7.31,Light,Hot,Normal,Calm,25,0,0,25,10,12.25,Low
Tabount,2026-09-15,31.9,22.5,0.0,8,20.8,34.6,3,30.9014,-6.9217,No Rain,Hot,Normal,Moderate,0,25,25,25,10,16.0,Low
Tabount,2026-09-16,33.5,19.5,0.0,3,23.7,37.8,2,30.9014,-6.9217,No Rain,Hot,Normal,Moderate,0,25,25,25,10,16.0,Low
Tabount,2026-09-17,32.5,20.2,0.8,25,18.5,30.6,80,30.9014,-6.9217,Light,Hot,Normal,Calm,25,0,25,25,40,20.25,Moderate
Tabount,2026-09-18,31.9,19.0,0.0,23,19.4,32.8,2,30.9014,-6.9217,No Rain,Hot,Normal,Calm,0,0,25,25,10,9.75,Low
Tabount,2026-09-19,32.7,20.9,0.0,18,9.6,17.3,2,30.9014,-6.9217,No Rain,Hot,Normal,Calm,0,0,0,25,10,4.75,Low
Tabount,2026-09-20,33.7,22.8,0.0,9,25.0,46.4,3,30.9014,-6.9217,No Rain,Hot,Normal,Moderate,0,25,25,25,10,16.0,Low
Tabount,2026-09-21,31.3,20.4,0.6,5,17.7,34.6,80,30.9014,-6.9217,Light,Hot,Normal,Calm,25,0,25,25,40,20.25,Moderate
Zaïo,2026-09-15,30.3,18.6,0.0,0,10.5,25.2,3,34.9396,-2.7334,No Rain,Hot,Normal,Calm,0,0,0,25,10,4.75,Low
Zaïo,2026-09-16,33.3,19.6,0.0,0,13.2,26.3,2,34.9396,-2.7334,No Rain,Hot,Normal,Calm,0,0,0,25,10,4.75,Low
Zaïo,2026-09-17,27.1,19.6,0.0,1,17.1,32.4,3,34.9396,-2.7334,No Rain,Normal,Normal,Calm,0,0,25,0,10,6.0,Low
Zaïo,2026-09-18,27.4,20.2,0.0,6,15.5,31.3,45,34.9396,-2.7334,No Rain,Normal,Normal,Calm,0,0,25,0,20,7.0,Low
Zaïo,2026-09-19,27.6,19.7,0.0,10,27.1,57.2,45,34.9396,-2.7334,No Rain,Normal,Normal,Moderate,0,25,50,0,20,18.25,Low
Zaïo,2026-09-20,26.9,20.1,0.0,8,30.4,55.1,45,34.9396,-2.7334,No Rain,Normal,Normal,Moderate,0,25,50,0,20,18.25,Low
Zaïo,2026-09-21,27.1,20.9,0.0,5,23.6,42.5,3,34.9396,-2.7334,No Rain,Normal,Normal,Moderate,0,25,25,0,10,12.25,Low
Aguelmous,2026-09-15,32.7,20.0,0.0,0,22.0,43.6,3,33.1324,-5.8366,No Rain,Hot,Normal,Moderate,0,25,25,25,10,16.0,Low
Aguelmous,2026-09-16,29.3,16.2,0.0,0,17.3,34.6,1,33.1324,-5.8366,No Rain,Normal,Normal,Calm,0,0,25,0,10,6.0,Low
Aguelmous,2026-09-17,29.0,15.9,0.0,10,19.1,37.4,3,33.1324,-5.8366,No Rain,Normal,Normal,Calm,0,0,25,0,10,6.0,Low
Aguelmous,2026-09-18,29.1,14.9,0.0,20,16.0,34.6,3,33.1324,-5.8366,No Rain,Normal,Normal,Calm,0,0,25,0,10,6.0,Low
Aguelmous,2026-09-19,31.8,17.2,0.0,8,18.0,35.3,3,33.1324,-5.8366,No Rain,Hot,Normal,Calm,0,0,25,25,10,9.75,Low
Aguelmous,2026-09-20,32.4,19.6,0.0,5,19.5,38.5,3,33.1324,-5.8366,No Rain,Hot,Normal,Calm,0,0,25,25,10,9.75,Low
Aguelmous,2026-09-21,32.4,20.1,0.0,5,24.3,47.9,2,33.1324,-5.8366,No Rain,Hot,Normal,Moderate,0,25,25,25,10,16.0,Low
Asilah,2026-09-15,32.1,21.4,0.0,0,18.2,33.5,0,35.4667,-6.0333,No Rain,Hot,Normal,Calm,0,0,25,25,0,8.75,Low
Asilah,2026-09-16,25.0,19.5,0.0,0,19.7,36.0,3,35.4667,-6.0333,No Rain,Normal,Normal,Calm,0,0,25,0,10,6.0,Low
Asilah,2026-09-17,24.4,18.8,0.0,1,14.5,27.7,3,35.4667,-6.0333,No Rain,Normal,Normal,Calm,0,0,0,0,10,1.0,Low
Asilah,2026-09-18,26.6,16.9,0.0,5,23.2,40.3,45,35.4667,-6.0333,No Rain,Normal,Normal,Moderate,0,25,25,0,20,13.25,Low
Asilah,2026-09-19,29.4,22.1,0.0,0,37.0,68.4,1,35.4667,-6.0333,No Rain,Normal,Normal,Moderate,0,25,50,0,10,17.25,Low
Asilah,2026-09-20,33.7,23.4,0.0,2,27.7,52.6,0,35.4667,-6.0333,No Rain,Hot,Normal,Moderate,0,25,50,25,0,20.0,Low
Asilah,2026-09-21,33.8,24.4,0.0,0,23.0,44.3,2,35.4667,-6.0333,No Rain,Hot,Normal,Moderate,0,25,25,25,10,16.0,Low
Imzouren,2026-09-15,27.1,19.8,0.0,0,11.5,21.6,45,35.1464,-3.8506,No Rain,Normal,Normal,Calm,0,0,0,0,20,2.0,Low
Imzouren,2026-09-16,29.5,20.8,0.0,0,11.7,24.5,3,35.1464,-3.8506,No Rain,Normal,Normal,Calm,0,0,0,0,10,1.0,Low
Imzouren,2026-09-17,26.0,19.3,0.0,5,17.1,31.0,45,35.1464,-3.8506,No Rain,Normal,Normal,Calm,0,0,25,0,20,7.0,Low
Imzouren,2026-09-18,26.3,18.6,0.0,10,15.5,30.6,45,35.1464,-3.8506,No Rain,Normal,Normal,Calm,0,0,25,0,20,7.0,Low
Imzouren,2026-09-19,29.3,18.7,0.0,10,24.2,44.3,2,35.1464,-3.8506,No Rain,Normal,Normal,Moderate,0,25,25,0,10,12.25,Low
Imzouren,2026-09-20,28.9,21.0,0.0,4,22.2,45.7,1,35.1464,-3.8506,No Rain,Normal,Normal,Moderate,0,25,25,0,10,12.25,Low
Imzouren,2026-09-21,28.1,21.9,0.0,3,18.7,36.0,3,35.1464,-3.8506,No Rain,Normal,Normal,Calm,0,0,25,0,10,6.0,Low
Mediouna,2026-09-15,33.5,20.8,0.0,0,18.1,32.4,45,33.4556,-7.5208,No Rain,Hot,Normal,Calm,0,0,25,25,20,10.75,Low
Mediouna,2026-09-16,28.1,19.4,0.0,0,18.1,33.1,45,33.4556,-7.5208,No Rain,Normal,Normal,Calm,0,0,25,0,20,7.0,Low
Mediouna,2026-09-17,27.6,18.7,0.0,0,16.6,30.6,3,33.4556,-7.5208,No Rain,Normal,Normal,Calm,0,0,25,0,10,6.0,Low
Mediouna,2026-09-18,28.9,16.6,0.0,3,17.8,32.8,45,33.4556,-7.5208,No Rain,Normal,Normal,Calm,0,0,25,0,20,7.0,Low
Mediouna,2026-09-19,31.3,17.4,0.0,0,15.8,29.5,45,33.4556,-7.5208,No Rain,Hot,Normal,Calm,0,0,0,25,20,5.75,Low
Mediouna,2026-09-20,30.7,20.8,0.0,0,11.6,29.9,2,33.4556,-7.5208,No Rain,Hot,Normal,Calm,0,0,0,25,10,4.75,Low
Mediouna,2026-09-21,29.3,20.5,0.0,0,13.6,36.0,2,33.4556,-7.5208,No Rain,Normal,Normal,Calm,0,0,25,0,10,6.0,Low
Demnat,2026-09-15,33.5,22.6,0.0,8,19.5,43.9,3,31.7311,-7.0361,No Rain,Hot,Normal,Calm,0,0,25,25,10,9.75,Low
Demnat,2026-09-16,30.0,17.6,0.0,0,17.6,33.5,0,31.7311,-7.0361,No Rain,Normal,Normal,Calm,0,0,25,0,0,5.0,Low
Demnat,2026-09-17,26.4,15.6,0.0,13,14.4,28.4,45,31.7311,-7.0361,No Rain,Normal,Normal,Calm,0,0,0,0,20,2.0,Low
Demnat,2026-09-18,27.6,15.4,0.0,15,12.7,25.6,3,31.7311,-7.0361,No Rain,Normal,Normal,Calm,0,0,0,0,10,1.0,Low
Demnat,2026-09-19,32.1,18.5,0.0,10,14.1,28.4,3,31.7311,-7.0361,No Rain,Hot,Normal,Calm,0,0,0,25,10,4.75,Low
Demnat,2026-09-20,34.1,22.1,0.3,5,15.0,28.4,80,31.7311,-7.0361,Light,Hot,Normal,Calm,25,0,0,25,40,15.25,Low
Demnat,2026-09-21,32.4,19.9,0.6,7,12.7,24.1,3,31.7311,-7.0361,Light,Hot,Normal,Calm,25,0,0,25,10,12.25,Low
Aïn Taoujdat,2026-09-15,34.0,22.3,0.0,0,18.9,37.4,2,33.9333,-5.2167,No Rain,Hot,Normal,Calm,0,0,25,25,10,9.75,Low
Aïn Taoujdat,2026-09-16,31.3,20.3,0.0,0,19.2,39.2,1,33.9333,-5.2167,No Rain,Hot,Normal,Calm,0,0,25,25,10,9.75,Low
Aïn Taoujdat,2026-09-17,28.3,18.2,0.0,5,14.4,28.4,3,33.9333,-5.2167,No Rain,Normal,Normal,Calm,0,0,0,0,10,1.0,Low
Aïn Taoujdat,2026-09-18,30.2,17.0,0.0,13,12.8,24.8,3,33.9333,-5.2167,No Rain,Hot,Normal,Calm,0,0,0,25,10,4.75,Low
Aïn Taoujdat,2026-09-19,33.3,18.9,0.0,5,16.8,32.0,1,33.9333,-5.2167,No Rain,Hot,Normal,Calm,0,0,25,25,10,9.75,Low
Aïn Taoujdat,2026-09-20,34.8,20.5,0.0,1,22.9,41.8,2,33.9333,-5.2167,No Rain,Hot,Normal,Moderate,0,25,25,25,10,16.0,Low
Aïn Taoujdat,2026-09-21,34.2,19.8,0.0,0,13.7,24.8,0,33.9333,-5.2167,No Rain,Hot,Normal,Calm,0,0,0,25,0,3.75,Low
Sidi Smai’il,2026-09-15,35.5,21.5,0.0,0,23.4,41.4,3,32.8167,-8.5,No Rain,Hot,Normal,Moderate,0,25,25,50,10,19.75,Low
Sidi Smai’il,2026-09-16,28.7,19.4,0.0,0,20.9,36.4,2,32.8167,-8.5,No Rain,Normal,Normal,Moderate,0,25,25,0,10,12.25,Low
Sidi Smai’il,2026-09-17,27.8,18.4,0.0,0,17.9,31.0,3,32.8167,-8.5,No Rain,Normal,Normal,Calm,0,0,25,0,10,6.0,Low
Sidi Smai’il,2026-09-18,29.5,18.4,0.0,0,21.2,37.8,45,32.8167,-8.5,No Rain,Normal,Normal,Moderate,0,25,25,0,20,13.25,Low
Sidi Smai’il,2026-09-19,32.2,17.6,0.0,0,16.9,30.6,2,32.8167,-8.5,No Rain,Hot,Normal,Calm,0,0,25,25,10,9.75,Low
Sidi Smai’il,2026-09-20,35.2,21.0,0.0,0,19.0,34.6,2,32.8167,-8.5,No Rain,Hot,Normal,Calm,0,0,25,50,10,13.5,Low
Sidi Smai’il,2026-09-21,30.1,19.5,0.0,3,17.4,31.7,45,32.8167,-8.5,No Rain,Hot,Normal,Calm,0,0,25,25,20,10.75,Low
Moulay Bousselham,2026-09-15,27.6,19.4,0.0,0,23.7,38.9,45,34.8786,-6.2933,No Rain,Normal,Normal,Moderate,0,25,25,0,20,13.25,Low
Moulay Bousselham,2026-09-16,25.5,19.2,0.0,0,17.7,29.9,45,34.8786,-6.2933,No Rain,Normal,Normal,Calm,0,0,0,0,20,2.0,Low
Moulay Bousselham,2026-09-17,25.1,18.7,0.0,0,17.6,29.2,3,34.8786,-6.2933,No Rain,Normal,Normal,Calm,0,0,0,0,10,1.0,Low
Moulay Bousselham,2026-09-18,25.8,17.7,0.0,5,18.7,31.3,45,34.8786,-6.2933,No Rain,Normal,Normal,Calm,0,0,25,0,20,7.0,Low
Moulay Bousselham,2026-09-19,30.7,18.2,0.0,5,15.3,27.0,1,34.8786,-6.2933,No Rain,Hot,Normal,Calm,0,0,0,25,10,4.75,Low
Moulay Bousselham,2026-09-20,37.3,19.8,0.0,1,13.0,25.2,1,34.8786,-6.2933,No Rain,Hot,Normal,Calm,0,0,0,50,10,8.5,Low
Moulay Bousselham,2026-09-21,34.0,19.5,0.0,0,18.9,33.8,1,34.8786,-6.2933,No Rain,Hot,Normal,Calm,0,0,25,25,10,9.75,Low
Mechraa Bel Ksiri,2026-09-15,34.6,20.8,0.0,0,19.4,35.6,45,34.56,-5.95,No Rain,Hot,Normal,Calm,0,0,25,25,20,10.75,Low
Mechraa Bel Ksiri,2026-09-16,29.9,19.6,0.0,0,20.5,37.4,2,34.56,-5.95,No Rain,Normal,Normal,Moderate,0,25,25,0,10,12.25,Low
Mechraa Bel Ksiri,2026-09-17,29.7,18.8,0.0,0,17.8,33.1,3,34.56,-5.95,No Rain,Normal,Normal,Calm,0,0,25,0,10,6.0,Low
Mechraa Bel Ksiri,2026-09-18,31.9,16.0,0.0,8,15.8,33.5,45,34.56,-5.95,No Rain,Hot,Normal,Calm,0,0,25,25,20,10.75,Low
Mechraa Bel Ksiri,2026-09-19,36.6,18.3,0.0,2,18.4,32.4,45,34.56,-5.95,No Rain,Hot,Normal,Calm,0,0,25,50,20,14.5,Low
Mechraa Bel Ksiri,2026-09-20,38.3,24.1,0.0,3,24.6,47.5,0,34.56,-5.95,No Rain,Hot,Normal,Moderate,0,25,25,50,0,18.75,Low
Mechraa Bel Ksiri,2026-09-21,37.0,23.9,0.0,0,20.9,39.6,1,34.56,-5.95,No Rain,Hot,Normal,Moderate,0,25,25,50,10,19.75,Low
Souk et Tnine Jorf el Mellah,2026-09-15,35.7,22.4,0.0,0,19.9,37.1,0,34.4945,-5.5047,No Rain,Hot,Normal,Calm,0,0,25,50,0,12.5,Low
Souk et Tnine Jorf el Mellah,2026-09-16,31.4,19.5,0.0,0,19.8,37.4,2,34.4945,-5.5047,No Rain,Hot,Normal,Calm,0,0,25,25,10,9.75,Low
Souk et Tnine Jorf el Mellah,2026-09-17,30.7,19.4,0.0,1,15.7,28.4,3,34.4945,-5.5047,No Rain,Hot,Normal,Calm,0,0,0,25,10,4.75,Low
Souk et Tnine Jorf el Mellah,2026-09-18,32.3,16.9,0.0,5,14.3,27.0,45,34.4945,-5.5047,No Rain,Hot,Normal,Calm,0,0,0,25,20,5.75,Low
Souk et Tnine Jorf el Mellah,2026-09-19,36.4,20.3,0.0,3,24.7,46.8,1,34.4945,-5.5047,No Rain,Hot,Normal,Moderate,0,25,25,50,10,19.75,Low
Souk et Tnine Jorf el Mellah,2026-09-20,37.6,24.4,0.0,0,25.8,48.2,0,34.4945,-5.5047,No Rain,Hot,Normal,Moderate,0,25,25,50,0,18.75,Low
Souk et Tnine Jorf el Mellah,2026-09-21,36.5,24.0,0.0,0,20.2,37.8,1,34.4945,-5.5047,No Rain,Hot,Normal,Moderate,0,25,25,50,10,19.75,Low
Zeghanghane,2026-09-15,28.4,19.7,0.0,0,12.4,24.5,45,35.1575,-3.0017,No Rain,Normal,Normal,Calm,0,0,0,0,20,2.0,Low
Zeghanghane,2026-09-16,31.9,18.8,0.0,3,10.6,19.1,1,35.1575,-3.0017,No Rain,Hot,Normal,Calm,0,0,0,25,10,4.75,Low
Zeghanghane,2026-09-17,26.9,18.8,0.0,5,16.6,33.1,3,35.1575,-3.0017,No Rain,Normal,Normal,Calm,0,0,25,0,10,6.0,Low
Zeghanghane,2026-09-18,26.0,21.1,0.3,8,17.9,34.9,3,35.1575,-3.0017,Light,Normal,Normal,Calm,25,0,25,0,10,13.5,Low
Zeghanghane,2026-09-19,25.8,21.5,0.0,15,26.7,54.0,2,35.1575,-3.0017,No Rain,Normal,Normal,Moderate,0,25,50,0,10,17.25,Low
Zeghanghane,2026-09-20,26.1,22.0,0.0,13,27.4,50.0,2,35.1575,-3.0017,No Rain,Normal,Normal,Moderate,0,25,25,0,10,12.25,Low
Zeghanghane,2026-09-21,26.0,22.2,0.0,5,24.0,44.6,3,35.1575,-3.0017,No Rain,Normal,Normal,Moderate,0,25,25,0,10,12.25,Low
Oulad Barhil,2026-09-15,38.7,25.4,0.0,13,22.0,39.6,3,30.6408,-8.475,No Rain,Hot,Normal,Moderate,0,25,25,50,10,19.75,Low
Oulad Barhil,2026-09-16,36.4,22.3,0.0,3,26.2,47.5,1,30.6408,-8.475,No Rain,Hot,Normal,Moderate,0,25,25,50,10,19.75,Low
Oulad Barhil,2026-09-17,29.7,18.1,0.0,3,30.5,53.6,3,30.6408,-8.475,No Rain,Normal,Normal,Moderate,0,25,50,0,10,17.25,Low
Oulad Barhil,2026-09-18,31.2,17.8,0.0,5,26.4,49.3,3,30.6408,-8.475,No Rain,Hot,Normal,Moderate,0,25,25,25,10,16.0,Low
Oulad Barhil,2026-09-19,37.6,20.7,0.0,3,26.2,46.4,3,30.6408,-8.475,No Rain,Hot,Normal,Moderate,0,25,25,50,10,19.75,Low
Oulad Barhil,2026-09-20,38.7,23.4,0.0,2,19.5,34.9,2,30.6408,-8.475,No Rain,Hot,Normal,Calm,0,0,25,50,10,13.5,Low
Oulad Barhil,2026-09-21,36.3,21.3,0.0,0,25.4,45.7,1,30.6408,-8.475,No Rain,Hot,Normal,Moderate,0,25,25,50,10,19.75,Low
Bir Jdid,2026-09-15,29.6,20.8,0.0,0,16.9,32.4,45,33.3737,-8.0002,No Rain,Normal,Normal,Calm,0,0,25,0,20,7.0,Low
Bir Jdid,2026-09-16,26.1,20.0,0.0,0,18.7,35.6,45,33.3737,-8.0002,No Rain,Normal,Normal,Calm,0,0,25,0,20,7.0,Low
Bir Jdid,2026-09-17,26.4,18.5,0.0,0,17.3,33.1,3,33.3737,-8.0002,No Rain,Normal,Normal,Calm,0,0,25,0,10,6.0,Low
Bir Jdid,2026-09-18,26.7,19.5,0.0,0,19.9,38.5,45,33.3737,-8.0002,No Rain,Normal,Normal,Calm,0,0,25,0,20,7.0,Low
Bir Jdid,2026-09-19,28.2,18.9,0.0,0,18.3,35.3,45,33.3737,-8.0002,No Rain,Normal,Normal,Calm,0,0,25,0,20,7.0,Low
Bir Jdid,2026-09-20,31.3,20.8,0.0,0,15.5,30.2,2,33.3737,-8.0002,No Rain,Hot,Normal,Calm,0,0,25,25,10,9.75,Low
Bir Jdid,2026-09-21,29.5,20.0,0.0,0,19.2,36.7,45,33.3737,-8.0002,No Rain,Normal,Normal,Calm,0,0,25,0,20,7.0,Low
Bou Arfa,2026-09-15,32.0,20.1,0.4,13,9.8,19.1,80,32.531,-1.9631,Light,Hot,Normal,Calm,25,0,0,25,40,15.25,Low
Bou Arfa,2026-09-16,29.5,19.1,0.0,0,16.3,25.6,3,32.531,-1.9631,No Rain,Normal,Normal,Calm,0,0,0,0,10,1.0,Low
Bou Arfa,2026-09-17,29.4,17.6,0.3,15,22.3,37.1,3,32.531,-1.9631,Light,Normal,Normal,Moderate,25,25,25,0,10,19.75,Low
Bou Arfa,2026-09-18,29.2,18.4,0.1,35,10.0,25.2,3,32.531,-1.9631,Light,Normal,Normal,Calm,28,0,0,0,10,9.4,Low
Bou Arfa,2026-09-19,28.4,18.9,0.0,22,18.9,31.7,3,32.531,-1.9631,No Rain,Normal,Normal,Calm,0,0,25,0,10,6.0,Low
Bou Arfa,2026-09-20,30.8,19.5,2.4,9,15.6,32.0,80,32.531,-1.9631,Light,Hot,Normal,Calm,25,0,25,25,40,20.25,Moderate
Bou Arfa,2026-09-21,22.2,19.0,9.7,8,12.4,29.5,95,32.531,-1.9631,Moderate,Normal,Normal,Calm,50,0,0,0,100,25.0,Moderate
Tahannawt,2026-09-15,33.2,22.5,0.0,5,14.1,26.6,3,31.3514,-7.9508,No Rain,Hot,Normal,Calm,0,0,0,25,10,4.75,Low
Tahannawt,2026-09-16,30.7,18.6,0.0,0,16.0,30.6,2,31.3514,-7.9508,No Rain,Hot,Normal,Calm,0,0,25,25,10,9.75,Low
Tahannawt,2026-09-17,26.5,15.7,0.0,8,13.3,26.6,3,31.3514,-7.9508,No Rain,Normal,Normal,Calm,0,0,0,0,10,1.0,Low
Tahannawt,2026-09-18,28.0,15.4,0.0,13,13.6,26.6,1,31.3514,-7.9508,No Rain,Normal,Normal,Calm,0,0,0,0,10,1.0,Low
Tahannawt,2026-09-19,32.2,18.2,0.0,5,13.1,27.0,3,31.3514,-7.9508,No Rain,Hot,Normal,Calm,0,0,0,25,10,4.75,Low
Tahannawt,2026-09-20,35.1,21.7,0.0,5,11.9,27.7,3,31.3514,-7.9508,No Rain,Hot,Normal,Calm,0,0,0,50,10,8.5,Low
Tahannawt,2026-09-21,31.4,20.3,0.3,9,15.3,28.8,3,31.3514,-7.9508,Light,Hot,Normal,Calm,25,0,0,25,10,12.25,Low
Arfoud,2026-09-15,36.9,25.0,2.5,10,18.6,67.7,61,31.4361,-4.2328,Light,Hot,Normal,Calm,25,0,50,50,40,29.0,Moderate
Arfoud,2026-09-16,34.4,22.6,0.0,3,11.9,18.0,3,31.4361,-4.2328,No Rain,Hot,Normal,Calm,0,0,0,25,10,4.75,Low
Arfoud,2026-09-17,32.7,23.4,0.3,17,23.6,38.5,80,31.4361,-4.2328,Light,Hot,Normal,Moderate,25,25,25,25,40,26.5,Moderate
Arfoud,2026-09-18,33.6,20.6,0.0,27,11.8,17.6,3,31.4361,-4.2328,No Rain,Hot,Normal,Calm,0,0,0,25,10,4.75,Low
Arfoud,2026-09-19,33.6,23.0,0.0,30,21.0,33.1,3,31.4361,-4.2328,No Rain,Hot,Normal,Moderate,0,25,25,25,10,16.0,Low
Arfoud,2026-09-20,35.4,24.0,0.0,10,16.5,25.6,3,31.4361,-4.2328,No Rain,Hot,Normal,Calm,0,0,0,50,10,8.5,Low
Arfoud,2026-09-21,32.1,23.7,0.9,5,17.7,27.7,3,31.4361,-4.2328,Light,Hot,Normal,Calm,25,0,0,25,10,12.25,Low
Tahla,2026-09-15,34.4,21.0,0.0,0,17.7,32.4,3,34.05,-4.42,No Rain,Hot,Normal,Calm,0,0,25,25,10,9.75,Low
Tahla,2026-09-16,31.0,20.2,0.0,0,18.0,34.9,1,34.05,-4.42,No Rain,Hot,Normal,Calm,0,0,25,25,10,9.75,Low
Tahla,2026-09-17,29.3,17.4,0.0,15,14.2,26.6,3,34.05,-4.42,No Rain,Normal,Normal,Calm,0,0,0,0,10,1.0,Low
Tahla,2026-09-18,30.8,17.1,0.0,5,13.8,25.6,3,34.05,-4.42,No Rain,Hot,Normal,Calm,0,0,0,25,10,4.75,Low
Tahla,2026-09-19,32.1,19.7,0.0,5,21.3,44.3,2,34.05,-4.42,No Rain,Hot,Normal,Moderate,0,25,25,25,10,16.0,Low
Tahla,2026-09-20,33.2,22.0,0.0,1,19.9,36.4,1,34.05,-4.42,No Rain,Hot,Normal,Calm,0,0,25,25,10,9.75,Low
Tahla,2026-09-21,32.4,22.2,0.0,3,20.0,35.3,0,34.05,-4.42,No Rain,Hot,Normal,Moderate,0,0,25,25,0,8.75,Low
Missour,2026-09-15,35.4,20.6,0.0,10,19.1,34.2,3,33.05,-3.9908,No Rain,Hot,Normal,Calm,0,0,25,50,10,13.5,Low
Missour,2026-09-16,32.5,19.1,0.0,0,20.1,32.4,1,33.05,-3.9908,No Rain,Hot,Normal,Moderate,0,25,25,25,10,16.0,Low
Missour,2026-09-17,30.6,17.5,0.5,25,22.4,34.6,80,33.05,-3.9908,Light,Hot,Normal,Moderate,25,25,25,25,40,26.5,Moderate
Missour,2026-09-18,29.5,16.5,0.0,17,27.5,46.1,3,33.05,-3.9908,No Rain,Normal,Normal,Moderate,0,25,25,0,10,12.25,Low
Missour,2026-09-19,29.8,17.6,0.9,23,23.5,43.6,80,33.05,-3.9908,Light,Normal,Normal,Moderate,25,25,25,0,40,22.75,Moderate
Missour,2026-09-20,30.8,18.3,0.0,10,22.7,34.6,3,33.05,-3.9908,No Rain,Hot,Normal,Moderate,0,25,25,25,10,16.0,Low
Missour,2026-09-21,30.0,18.5,1.2,8,27.0,41.8,3,33.05,-3.9908,Light,Normal,Normal,Moderate,25,25,25,0,10,19.75,Low
Sidi Lmokhtar,2026-09-15,38.6,24.8,0.0,5,24.3,40.0,3,31.57,-9.01,No Rain,Hot,Normal,Moderate,0,25,25,50,10,19.75,Low
Sidi Lmokhtar,2026-09-16,34.4,21.7,0.0,0,23.9,41.4,1,31.57,-9.01,No Rain,Hot,Normal,Moderate,0,25,25,25,10,16.0,Low
Sidi Lmokhtar,2026-09-17,29.6,17.7,0.0,0,23.4,39.2,3,31.57,-9.01,No Rain,Normal,Normal,Moderate,0,25,25,0,10,12.25,Low
Sidi Lmokhtar,2026-09-18,31.1,17.8,0.0,3,15.6,27.7,1,31.57,-9.01,No Rain,Hot,Normal,Calm,0,0,0,25,10,4.75,Low
Sidi Lmokhtar,2026-09-19,34.9,19.0,0.0,5,13.6,24.5,2,31.57,-9.01,No Rain,Hot,Normal,Calm,0,0,0,25,10,4.75,Low
Sidi Lmokhtar,2026-09-20,34.8,23.3,0.0,3,25.0,43.9,2,31.57,-9.01,No Rain,Hot,Normal,Moderate,0,25,25,25,10,16.0,Low
Sidi Lmokhtar,2026-09-21,32.8,20.9,0.0,3,22.2,36.4,2,31.57,-9.01,No Rain,Hot,Normal,Moderate,0,25,25,25,10,16.0,Low
Douar Toulal,2026-09-15,33.7,21.8,0.0,0,18.3,40.3,2,33.8951,-5.6021,No Rain,Hot,Normal,Calm,0,0,25,25,10,9.75,Low
Douar Toulal,2026-09-16,30.4,18.9,0.0,0,18.0,39.2,1,33.8951,-5.6021,No Rain,Hot,Normal,Calm,0,0,25,25,10,9.75,Low
Douar Toulal,2026-09-17,28.2,17.6,0.0,3,14.7,33.1,45,33.8951,-5.6021,No Rain,Normal,Normal,Calm,0,0,25,0,20,7.0,Low
Douar Toulal,2026-09-18,30.0,16.3,0.0,18,12.9,29.9,2,33.8951,-5.6021,No Rain,Normal,Normal,Calm,0,0,0,0,10,1.0,Low
Douar Toulal,2026-09-19,34.1,18.5,0.0,5,12.7,28.4,1,33.8951,-5.6021,No Rain,Hot,Normal,Calm,0,0,0,25,10,4.75,Low
Douar Toulal,2026-09-20,35.4,22.2,0.0,1,18.8,35.6,2,33.8951,-5.6021,No Rain,Hot,Normal,Calm,0,0,25,50,10,13.5,Low
Douar Toulal,2026-09-21,34.8,20.7,0.0,0,13.7,25.9,0,33.8951,-5.6021,No Rain,Hot,Normal,Calm,0,0,0,25,0,3.75,Low
Oulad Yaïch,2026-09-15,38.7,25.5,0.0,3,18.7,37.1,3,32.4167,-6.3333,No Rain,Hot,Normal,Calm,0,0,25,50,10,13.5,Low
Oulad Yaïch,2026-09-16,34.9,21.7,0.0,0,12.2,23.0,0,32.4167,-6.3333,No Rain,Hot,Normal,Calm,0,0,0,25,0,3.75,Low
Oulad Yaïch,2026-09-17,31.9,17.7,0.0,3,11.1,19.8,3,32.4167,-6.3333,No Rain,Hot,Normal,Calm,0,0,0,25,10,4.75,Low
Oulad Yaïch,2026-09-18,33.3,18.8,0.0,5,7.2,14.8,1,32.4167,-6.3333,No Rain,Hot,Normal,Calm,0,0,0,25,10,4.75,Low
Oulad Yaïch,2026-09-19,37.4,20.5,0.0,5,8.4,18.0,3,32.4167,-6.3333,No Rain,Hot,Normal,Calm,0,0,0,50,10,8.5,Low
Oulad Yaïch,2026-09-20,38.1,26.6,0.3,3,16.1,29.5,2,32.4167,-6.3333,Light,Hot,Normal,Calm,25,0,0,50,10,16.0,Low
Oulad Yaïch,2026-09-21,36.8,28.1,0.9,9,18.6,37.1,80,32.4167,-6.3333,Light,Hot,Normal,Calm,25,0,25,50,40,24.0,Moderate
Zawyat ech Cheïkh,2026-09-15,36.0,20.5,0.0,5,19.3,35.3,3,32.6541,-5.9214,No Rain,Hot,Normal,Calm,0,0,25,50,10,13.5,Low
Zawyat ech Cheïkh,2026-09-16,32.0,17.0,0.0,0,13.4,25.2,0,32.6541,-5.9214,No Rain,Hot,Normal,Calm,0,0,0,25,0,3.75,Low
Zawyat ech Cheïkh,2026-09-17,30.4,16.6,0.0,5,14.4,27.4,3,32.6541,-5.9214,No Rain,Hot,Normal,Calm,0,0,0,25,10,4.75,Low
Zawyat ech Cheïkh,2026-09-18,31.5,15.3,0.0,13,10.1,19.4,2,32.6541,-5.9214,No Rain,Hot,Normal,Calm,0,0,0,25,10,4.75,Low
Zawyat ech Cheïkh,2026-09-19,35.1,18.4,0.0,4,11.9,22.0,2,32.6541,-5.9214,No Rain,Hot,Normal,Calm,0,0,0,50,10,8.5,Low
Zawyat ech Cheïkh,2026-09-20,37.2,23.2,0.0,2,16.9,33.5,2,32.6541,-5.9214,No Rain,Hot,Normal,Calm,0,0,25,50,10,13.5,Low
Zawyat ech Cheïkh,2026-09-21,35.4,21.6,0.6,0,14.9,29.9,80,32.6541,-5.9214,Light,Hot,Normal,Calm,25,0,0,50,40,19.0,Low
Imi-n-Tanout,2026-09-15,33.6,25.5,0.0,5,26.5,46.1,3,31.177,-8.8504,No Rain,Hot,Normal,Moderate,0,25,25,25,10,16.0,Low
Imi-n-Tanout,2026-09-16,30.4,20.2,0.0,0,24.9,44.6,1,31.177,-8.8504,No Rain,Hot,Normal,Moderate,0,25,25,25,10,16.0,Low
Imi-n-Tanout,2026-09-17,25.3,16.5,0.0,0,18.3,31.7,45,31.177,-8.8504,No Rain,Normal,Normal,Calm,0,0,25,0,20,7.0,Low
Imi-n-Tanout,2026-09-18,27.0,16.2,0.0,8,18.1,32.8,45,31.177,-8.8504,No Rain,Normal,Normal,Calm,0,0,25,0,20,7.0,Low
Imi-n-Tanout,2026-09-19,31.0,19.8,0.0,10,16.8,33.1,1,31.177,-8.8504,No Rain,Hot,Normal,Calm,0,0,25,25,10,9.75,Low
Imi-n-Tanout,2026-09-20,33.5,24.2,0.0,4,15.2,29.9,3,31.177,-8.8504,No Rain,Hot,Normal,Calm,0,0,0,25,10,4.75,Low
Imi-n-Tanout,2026-09-21,31.2,23.3,0.0,3,19.2,32.4,3,31.177,-8.8504,No Rain,Hot,Normal,Calm,0,0,25,25,10,9.75,Low
Sebt Gzoula,2026-09-15,38.3,24.6,0.0,3,24.0,45.4,3,32.1219,-9.0889,No Rain,Hot,Normal,Moderate,0,25,25,50,10,19.75,Low
Sebt Gzoula,2026-09-16,31.3,20.7,0.0,0,21.0,39.2,2,32.1219,-9.0889,No Rain,Hot,Normal,Moderate,0,25,25,25,10,16.0,Low
Sebt Gzoula,2026-09-17,28.3,18.2,0.0,0,18.1,34.6,3,32.1219,-9.0889,No Rain,Normal,Normal,Calm,0,0,25,0,10,6.0,Low
Sebt Gzoula,2026-09-18,31.3,18.2,0.0,0,18.9,36.7,2,32.1219,-9.0889,No Rain,Hot,Normal,Calm,0,0,25,25,10,9.75,Low
Sebt Gzoula,2026-09-19,33.9,17.9,0.0,0,15.9,30.6,1,32.1219,-9.0889,No Rain,Hot,Normal,Calm,0,0,25,25,10,9.75,Low
Sebt Gzoula,2026-09-20,30.6,21.6,0.0,0,18.3,34.6,2,32.1219,-9.0889,No Rain,Hot,Normal,Calm,0,0,25,25,10,9.75,Low
Sebt Gzoula,2026-09-21,27.2,18.7,0.0,0,14.8,28.1,45,32.1219,-9.0889,No Rain,Normal,Normal,Calm,0,0,0,0,20,2.0,Low
Tifariti,2026-09-15,38.0,26.0,0.0,8,23.3,38.2,1,26.158,-10.567,No Rain,Hot,Normal,Moderate,0,25,25,50,10,19.75,Low
Tifariti,2026-09-16,38.2,23.4,0.0,0,35.6,51.8,0,26.158,-10.567,No Rain,Hot,Normal,Moderate,0,25,50,50,0,23.75,Moderate
Tifariti,2026-09-17,31.8,18.2,0.0,0,36.1,52.6,0,26.158,-10.567,No Rain,Hot,Normal,Moderate,0,25,50,25,0,20.0,Low
Tifariti,2026-09-18,29.7,16.1,0.0,0,34.1,51.8,3,26.158,-10.567,No Rain,Normal,Normal,Moderate,0,25,50,0,10,17.25,Low
Tifariti,2026-09-19,30.8,16.1,0.0,0,24.2,39.2,3,26.158,-10.567,No Rain,Hot,Normal,Moderate,0,25,25,25,10,16.0,Low
Tifariti,2026-09-20,37.4,19.0,0.0,2,27.3,55.4,1,26.158,-10.567,No Rain,Hot,Normal,Moderate,0,25,50,50,10,24.75,Moderate
Tifariti,2026-09-21,38.6,23.2,0.0,18,21.5,85.7,2,26.158,-10.567,No Rain,Hot,Normal,Moderate,0,25,75,50,10,29.75,Moderate
